Id,Label
10001,google
10002,messenger
10003,samsung
10004,whatsapp
10005,samsung
10006,samsung
10007,messenger
10008,apple
10009,apple
10010,samsung
10011,messenger
10012,apple
10013,whatsapp
10014,facebook
10015,samsung
10016,samsung
10017,samsung
10018,apple
10019,samsung
10020,samsung
10021,facebook
10022,apple
10023,mozilla
10024,samsung
10025,apple
10026,whatsapp
10027,google
10028,mozilla
10029,samsung
10030,apple
10031,samsung
10032,whatsapp
10033,mozilla
10034,apple
10035,whatsapp
10036,apple
10037,samsung
10038,google
10039,mozilla
10040,google
10041,apple
10042,messenger
10043,facebook
10044,apple
10045,mozilla
10046,apple
10047,samsung
10048,apple
10049,google
10050,facebook
10051,google
10052,samsung
10053,whatsapp
10054,samsung
10055,google
10056,samsung
10057,whatsapp
10058,whatsapp
10059,google
10060,google
10061,facebook
10062,facebook
10063,google
10064,apple
10065,whatsapp
10066,facebook
10067,samsung
10068,mozilla
10069,facebook
10070,whatsapp
10071,apple
10072,samsung
10073,google
10074,facebook
10075,google
10076,whatsapp
10077,samsung
10078,google
10079,google
10080,google
10081,apple
10082,samsung
10083,facebook
10084,whatsapp
10085,whatsapp
10086,samsung
10087,samsung
10088,whatsapp
10089,google
10090,apple
10091,samsung
10092,whatsapp
10093,apple
10094,google
10095,google
10096,samsung
10097,google
10098,facebook
10099,samsung
10100,samsung
10101,google
10102,messenger
10103,google
10104,apple
10105,google
10106,samsung
10107,google
10108,whatsapp
10109,apple
10110,facebook
10111,facebook
10112,apple
10113,samsung
10114,samsung
10115,whatsapp
10116,facebook
10117,samsung
10118,mozilla
10119,facebook
10120,facebook
10121,google
10122,facebook
10123,google
10124,google
10125,whatsapp
10126,apple
10127,google
10128,facebook
10129,samsung
10130,google
10131,google
10132,apple
10133,google
10134,whatsapp
10135,google
10136,messenger
10137,samsung
10138,facebook
10139,apple
10140,samsung
10141,whatsapp
10142,facebook
10143,messenger
10144,samsung
10145,samsung
10146,whatsapp
10147,samsung
10148,apple
10149,facebook
10150,whatsapp
10151,samsung
10152,messenger
10153,facebook
10154,samsung
10155,samsung
10156,google
10157,facebook
10158,google
10159,whatsapp
10160,mozilla
10161,facebook
10162,apple
10163,whatsapp
10164,facebook
10165,whatsapp
10166,whatsapp
10167,whatsapp
10168,google
10169,mozilla
10170,whatsapp
10171,google
10172,facebook
10173,facebook
10174,google
10175,apple
10176,samsung
10177,facebook
10178,messenger
10179,samsung
10180,google
10181,apple
10182,apple
10183,apple
10184,whatsapp
10185,whatsapp
10186,samsung
10187,whatsapp
10188,mozilla
10189,apple
10190,whatsapp
10191,google
10192,whatsapp
10193,samsung
10194,apple
10195,samsung
10196,samsung
10197,google
10198,mozilla
10199,whatsapp
10200,messenger
10201,whatsapp
10202,google
10203,samsung
10204,apple
10205,facebook
10206,apple
10207,apple
10208,whatsapp
10209,apple
10210,mozilla
10211,whatsapp
10212,google
10213,messenger
10214,samsung
10215,samsung
10216,facebook
10217,mozilla
10218,facebook
10219,samsung
10220,samsung
10221,facebook
10222,apple
10223,google
10224,facebook
10225,apple
10226,apple
10227,samsung
10228,facebook
10229,google
10230,google
10231,google
10232,google
10233,google
10234,whatsapp
10235,apple
10236,apple
10237,apple
10238,facebook
10239,apple
10240,facebook
10241,whatsapp
10242,facebook
10243,samsung
10244,whatsapp
10245,whatsapp
10246,apple
10247,whatsapp
10248,samsung
10249,samsung
10250,google
10251,apple
10252,facebook
10253,apple
10254,mozilla
10255,samsung
10256,whatsapp
10257,whatsapp
10258,whatsapp
10259,samsung
10260,facebook
10261,whatsapp
10262,whatsapp
10263,apple
10264,mozilla
10265,google
10266,google
10267,facebook
10268,facebook
10269,whatsapp
10270,samsung
10271,whatsapp
10272,whatsapp
10273,messenger
10274,whatsapp
10275,whatsapp
10276,apple
10277,mozilla
10278,messenger
10279,facebook
10280,apple
10281,apple
10282,facebook
10283,whatsapp
10284,mozilla
10285,google
10286,whatsapp
10287,samsung
10288,facebook
10289,google
10290,google
10291,samsung
10292,whatsapp
10293,google
10294,samsung
10295,whatsapp
10296,whatsapp
10297,facebook
10298,facebook
10299,whatsapp
10300,mozilla
10301,samsung
10302,facebook
10303,google
10304,facebook
10305,mozilla
10306,facebook
10307,messenger
10308,samsung
10309,apple
10310,apple
10311,apple
10312,samsung
10313,facebook
10314,whatsapp
10315,whatsapp
10316,facebook
10317,samsung
10318,facebook
10319,whatsapp
10320,samsung
10321,whatsapp
10322,google
10323,samsung
10324,apple
10325,apple
10326,facebook
10327,samsung
10328,facebook
10329,samsung
10330,apple
10331,samsung
10332,whatsapp
10333,samsung
10334,whatsapp
10335,google
10336,samsung
10337,apple
10338,whatsapp
10339,apple
10340,mozilla
10341,samsung
10342,whatsapp
10343,samsung
10344,apple
10345,messenger
10346,apple
10347,samsung
10348,facebook
10349,mozilla
10350,whatsapp
10351,google
10352,apple
10353,facebook
10354,google
10355,apple
10356,google
10357,apple
10358,whatsapp
10359,mozilla
10360,apple
10361,facebook
10362,samsung
10363,whatsapp
10364,whatsapp
10365,messenger
10366,samsung
10367,messenger
10368,apple
10369,mozilla
10370,google
10371,messenger
10372,samsung
10373,mozilla
10374,apple
10375,whatsapp
10376,google
10377,samsung
10378,google
10379,facebook
10380,google
10381,google
10382,facebook
10383,google
10384,google
10385,messenger
10386,messenger
10387,apple
10388,samsung
10389,google
10390,apple
10391,apple
10392,apple
10393,google
10394,google
10395,samsung
10396,apple
10397,google
10398,samsung
10399,samsung
10400,whatsapp
10401,apple
10402,whatsapp
10403,google
10404,whatsapp
10405,apple
10406,facebook
10407,apple
10408,whatsapp
10409,google
10410,samsung
10411,samsung
10412,whatsapp
10413,google
10414,whatsapp
10415,apple
10416,whatsapp
10417,whatsapp
10418,samsung
10419,mozilla
10420,facebook
10421,apple
10422,facebook
10423,mozilla
10424,samsung
10425,apple
10426,apple
10427,google
10428,whatsapp
10429,whatsapp
10430,facebook
10431,google
10432,samsung
10433,apple
10434,whatsapp
10435,apple
10436,apple
10437,apple
10438,whatsapp
10439,google
10440,facebook
10441,samsung
10442,apple
10443,facebook
10444,facebook
10445,facebook
10446,google
10447,whatsapp
10448,google
10449,messenger
10450,mozilla
10451,apple
10452,apple
10453,whatsapp
10454,apple
10455,whatsapp
10456,samsung
10457,samsung
10458,messenger
10459,samsung
10460,google
10461,apple
10462,messenger
10463,facebook
10464,google
10465,facebook
10466,whatsapp
10467,apple
10468,whatsapp
10469,samsung
10470,google
10471,google
10472,facebook
10473,apple
10474,google
10475,whatsapp
10476,google
10477,samsung
10478,messenger
10479,mozilla
10480,apple
10481,google
10482,samsung
10483,whatsapp
10484,apple
10485,samsung
10486,google
10487,google
10488,google
10489,facebook
10490,facebook
10491,apple
10492,facebook
10493,samsung
10494,samsung
10495,apple
10496,google
10497,samsung
10498,google
10499,google
10500,apple
10501,apple
10502,facebook
10503,google
10504,samsung
10505,apple
10506,samsung
10507,facebook
10508,whatsapp
10509,google
10510,apple
10511,google
10512,google
10513,apple
10514,facebook
10515,samsung
10516,messenger
10517,samsung
10518,samsung
10519,apple
10520,messenger
10521,apple
10522,whatsapp
10523,apple
10524,google
10525,google
10526,messenger
10527,facebook
10528,apple
10529,facebook
10530,google
10531,samsung
10532,google
10533,google
10534,google
10535,google
10536,facebook
10537,apple
10538,mozilla
10539,whatsapp
10540,whatsapp
10541,samsung
10542,whatsapp
10543,whatsapp
10544,whatsapp
10545,google
10546,messenger
10547,facebook
10548,facebook
10549,apple
10550,google
10551,google
10552,apple
10553,whatsapp
10554,messenger
10555,samsung
10556,apple
10557,whatsapp
10558,apple
10559,google
10560,mozilla
10561,apple
10562,google
10563,google
10564,whatsapp
10565,apple
10566,apple
10567,google
10568,whatsapp
10569,samsung
10570,google
10571,whatsapp
10572,apple
10573,google
10574,apple
10575,facebook
10576,whatsapp
10577,samsung
10578,whatsapp
10579,apple
10580,facebook
10581,facebook
10582,whatsapp
10583,whatsapp
10584,samsung
10585,apple
10586,samsung
10587,samsung
10588,mozilla
10589,google
10590,messenger
10591,apple
10592,facebook
10593,whatsapp
10594,facebook
10595,facebook
10596,samsung
10597,google
10598,google
10599,whatsapp
10600,mozilla
10601,facebook
10602,samsung
10603,apple
10604,whatsapp
10605,facebook
10606,google
10607,apple
10608,samsung
10609,google
10610,google
10611,facebook
10612,apple
10613,apple
10614,facebook
10615,samsung
10616,whatsapp
10617,google
10618,google
10619,google
10620,google
10621,apple
10622,google
10623,samsung
10624,facebook
10625,google
10626,apple
10627,apple
10628,samsung
10629,apple
10630,samsung
10631,messenger
10632,whatsapp
10633,facebook
10634,google
10635,google
10636,google
10637,facebook
10638,samsung
10639,apple
10640,facebook
10641,apple
10642,google
10643,apple
10644,samsung
10645,apple
10646,samsung
10647,samsung
10648,mozilla
10649,google
10650,mozilla
10651,apple
10652,google
10653,samsung
10654,samsung
10655,samsung
10656,whatsapp
10657,messenger
10658,samsung
10659,whatsapp
10660,messenger
10661,google
10662,apple
10663,messenger
10664,samsung
10665,google
10666,whatsapp
10667,whatsapp
10668,whatsapp
10669,apple
10670,google
10671,google
10672,whatsapp
10673,google
10674,samsung
10675,google
10676,samsung
10677,whatsapp
10678,apple
10679,samsung
10680,google
10681,whatsapp
10682,whatsapp
10683,facebook
10684,google
10685,apple
10686,facebook
10687,google
10688,apple
10689,whatsapp
10690,apple
10691,facebook
10692,facebook
10693,apple
10694,google
10695,mozilla
10696,google
10697,samsung
10698,messenger
10699,whatsapp
10700,samsung
10701,google
10702,whatsapp
10703,mozilla
10704,facebook
10705,google
10706,apple
10707,facebook
10708,whatsapp
10709,google
10710,samsung
10711,google
10712,whatsapp
10713,google
10714,samsung
10715,samsung
10716,whatsapp
10717,samsung
10718,apple
10719,apple
10720,apple
10721,samsung
10722,messenger
10723,whatsapp
10724,google
10725,whatsapp
10726,google
10727,messenger
10728,samsung
10729,samsung
10730,samsung
10731,google
10732,facebook
10733,whatsapp
10734,apple
10735,google
10736,whatsapp
10737,google
10738,apple
10739,apple
10740,apple
10741,samsung
10742,samsung
10743,apple
10744,samsung
10745,google
10746,facebook
10747,google
10748,google
10749,whatsapp
10750,mozilla
10751,whatsapp
10752,google
10753,google
10754,whatsapp
10755,samsung
10756,google
10757,facebook
10758,google
10759,google
10760,facebook
10761,google
10762,google
10763,samsung
10764,google
10765,google
10766,samsung
10767,google
10768,google
10769,whatsapp
10770,whatsapp
10771,whatsapp
10772,facebook
10773,mozilla
10774,messenger
10775,whatsapp
10776,samsung
10777,apple
10778,apple
10779,facebook
10780,google
10781,whatsapp
10782,messenger
10783,samsung
10784,samsung
10785,messenger
10786,whatsapp
10787,samsung
10788,facebook
10789,samsung
10790,whatsapp
10791,google
10792,google
10793,whatsapp
10794,apple
10795,samsung
10796,samsung
10797,google
10798,whatsapp
10799,apple
10800,whatsapp
10801,facebook
10802,whatsapp
10803,facebook
10804,whatsapp
10805,apple
10806,samsung
10807,mozilla
10808,google
10809,apple
10810,samsung
10811,samsung
10812,mozilla
10813,samsung
10814,facebook
10815,apple
10816,apple
10817,facebook
10818,samsung
10819,whatsapp
10820,apple
10821,samsung
10822,apple
10823,samsung
10824,messenger
10825,facebook
10826,whatsapp
10827,mozilla
10828,messenger
10829,facebook
10830,samsung
10831,apple
10832,whatsapp
10833,google
10834,google
10835,samsung
10836,apple
10837,messenger
10838,apple
10839,samsung
10840,google
10841,apple
10842,facebook
10843,whatsapp
10844,facebook
10845,whatsapp
10846,samsung
10847,google
10848,facebook
10849,facebook
10850,mozilla
10851,facebook
10852,google
10853,google
10854,messenger
10855,apple
10856,facebook
10857,google
10858,messenger
10859,google
10860,google
10861,google
10862,samsung
10863,google
10864,whatsapp
10865,facebook
10866,facebook
10867,google
10868,whatsapp
10869,whatsapp
10870,apple
10871,apple
10872,mozilla
10873,samsung
10874,samsung
10875,google
10876,whatsapp
10877,samsung
10878,whatsapp
10879,google
10880,whatsapp
10881,google
10882,google
10883,samsung
10884,facebook
10885,facebook
10886,whatsapp
10887,samsung
10888,facebook
10889,samsung
10890,facebook
10891,mozilla
10892,messenger
10893,google
10894,google
10895,whatsapp
10896,samsung
10897,mozilla
10898,google
10899,facebook
10900,samsung
10901,whatsapp
10902,facebook
10903,google
10904,mozilla
10905,whatsapp
10906,google
10907,google
10908,facebook
10909,whatsapp
10910,messenger
10911,apple
10912,google
10913,apple
10914,messenger
10915,google
10916,samsung
10917,samsung
10918,apple
10919,whatsapp
10920,google
10921,facebook
10922,google
10923,samsung
10924,facebook
10925,facebook
10926,samsung
10927,google
10928,apple
10929,samsung
10930,google
10931,google
10932,samsung
10933,apple
10934,facebook
10935,google
10936,apple
10937,whatsapp
10938,messenger
10939,whatsapp
10940,apple
10941,samsung
10942,whatsapp
10943,facebook
10944,messenger
10945,whatsapp
10946,whatsapp
10947,apple
10948,apple
10949,whatsapp
10950,samsung
10951,facebook
10952,facebook
10953,samsung
10954,samsung
10955,samsung
10956,samsung
10957,google
10958,facebook
10959,facebook
10960,messenger
10961,google
10962,facebook
10963,apple
10964,apple
10965,facebook
10966,whatsapp
10967,samsung
10968,samsung
10969,whatsapp
10970,apple
10971,facebook
10972,google
10973,messenger
10974,whatsapp
10975,messenger
10976,whatsapp
10977,google
10978,samsung
10979,apple
10980,mozilla
10981,samsung
10982,apple
10983,facebook
10984,whatsapp
10985,samsung
10986,apple
10987,google
10988,whatsapp
10989,mozilla
10990,mozilla
10991,samsung
10992,mozilla
10993,facebook
10994,samsung
10995,messenger
10996,apple
10997,facebook
10998,samsung
10999,mozilla
11000,google
11001,whatsapp
11002,facebook
11003,messenger
11004,google
11005,samsung
11006,facebook
11007,whatsapp
11008,whatsapp
11009,apple
11010,samsung
11011,messenger
11012,mozilla
11013,whatsapp
11014,samsung
11015,google
11016,whatsapp
11017,whatsapp
11018,apple
11019,whatsapp
11020,google
11021,google
11022,google
11023,samsung
11024,google
11025,whatsapp
11026,google
11027,whatsapp
11028,apple
11029,google
11030,samsung
11031,samsung
11032,samsung
11033,facebook
11034,google
11035,whatsapp
11036,samsung
11037,google
11038,mozilla
11039,facebook
11040,google
11041,apple
11042,apple
11043,samsung
11044,facebook
11045,whatsapp
11046,messenger
11047,apple
11048,samsung
11049,google
11050,samsung
11051,apple
11052,google
11053,whatsapp
11054,facebook
11055,apple
11056,mozilla
11057,apple
11058,apple
11059,apple
11060,apple
11061,facebook
11062,google
11063,samsung
11064,google
11065,whatsapp
11066,facebook
11067,apple
11068,google
11069,samsung
11070,whatsapp
11071,google
11072,mozilla
11073,google
11074,google
11075,google
11076,google
11077,apple
11078,google
11079,whatsapp
11080,google
11081,google
11082,whatsapp
11083,google
11084,mozilla
11085,whatsapp
11086,facebook
11087,facebook
11088,samsung
11089,facebook
11090,facebook
11091,whatsapp
11092,apple
11093,facebook
11094,apple
11095,google
11096,apple
11097,whatsapp
11098,samsung
11099,apple
11100,samsung
11101,apple
11102,apple
11103,samsung
11104,samsung
11105,google
11106,whatsapp
11107,google
11108,whatsapp
11109,google
11110,whatsapp
11111,google
11112,samsung
11113,facebook
11114,google
11115,messenger
11116,whatsapp
11117,samsung
11118,whatsapp
11119,whatsapp
11120,samsung
11121,apple
11122,facebook
11123,apple
11124,mozilla
11125,mozilla
11126,whatsapp
11127,apple
11128,whatsapp
11129,whatsapp
11130,apple
11131,google
11132,whatsapp
11133,apple
11134,whatsapp
11135,samsung
11136,facebook
11137,google
11138,apple
11139,samsung
11140,mozilla
11141,messenger
11142,facebook
11143,google
11144,samsung
11145,facebook
11146,samsung
11147,facebook
11148,facebook
11149,google
11150,facebook
11151,google
11152,google
11153,facebook
11154,whatsapp
11155,samsung
11156,whatsapp
11157,facebook
11158,google
11159,whatsapp
11160,mozilla
11161,google
11162,samsung
11163,samsung
11164,samsung
11165,samsung
11166,apple
11167,mozilla
11168,mozilla
11169,apple
11170,apple
11171,facebook
11172,whatsapp
11173,facebook
11174,samsung
11175,whatsapp
11176,apple
11177,samsung
11178,facebook
11179,whatsapp
11180,apple
11181,whatsapp
11182,whatsapp
11183,facebook
11184,messenger
11185,samsung
11186,samsung
11187,apple
11188,apple
11189,apple
11190,messenger
11191,google
11192,facebook
11193,apple
11194,whatsapp
11195,whatsapp
11196,facebook
11197,whatsapp
11198,apple
11199,facebook
11200,google
11201,apple
11202,google
11203,facebook
11204,apple
11205,whatsapp
11206,google
11207,apple
11208,google
11209,facebook
11210,google
11211,apple
11212,google
11213,google
11214,mozilla
11215,facebook
11216,facebook
11217,apple
11218,google
11219,whatsapp
11220,facebook
11221,apple
11222,google
11223,samsung
11224,samsung
11225,apple
11226,google
11227,google
11228,samsung
11229,google
11230,whatsapp
11231,google
11232,facebook
11233,samsung
11234,whatsapp
11235,apple
11236,google
11237,whatsapp
11238,apple
11239,facebook
11240,apple
11241,google
11242,samsung
11243,whatsapp
11244,google
11245,messenger
11246,apple
11247,samsung
11248,messenger
11249,whatsapp
11250,facebook
11251,google
11252,apple
11253,samsung
11254,apple
11255,facebook
11256,whatsapp
11257,samsung
11258,samsung
11259,google
11260,google
11261,mozilla
11262,mozilla
11263,apple
11264,facebook
11265,facebook
11266,samsung
11267,facebook
11268,whatsapp
11269,samsung
11270,apple
11271,apple
11272,whatsapp
11273,google
11274,whatsapp
11275,samsung
11276,samsung
11277,facebook
11278,whatsapp
11279,whatsapp
11280,google
11281,apple
11282,apple
11283,samsung
11284,apple
11285,whatsapp
11286,apple
11287,samsung
11288,google
11289,google
11290,apple
11291,samsung
11292,facebook
11293,apple
11294,messenger
11295,google
11296,samsung
11297,apple
11298,whatsapp
11299,google
11300,facebook
11301,google
11302,apple
11303,google
11304,samsung
11305,whatsapp
11306,apple
11307,apple
11308,apple
11309,apple
11310,google
11311,google
11312,apple
11313,facebook
11314,google
11315,whatsapp
11316,messenger
11317,facebook
11318,whatsapp
11319,samsung
11320,whatsapp
11321,messenger
11322,whatsapp
11323,messenger
11324,whatsapp
11325,facebook
11326,samsung
11327,whatsapp
11328,whatsapp
11329,google
11330,apple
11331,apple
11332,google
11333,google
11334,google
11335,whatsapp
11336,apple
11337,messenger
11338,google
11339,mozilla
11340,google
11341,samsung
11342,google
11343,samsung
11344,google
11345,google
11346,whatsapp
11347,google
11348,facebook
11349,whatsapp
11350,facebook
11351,google
11352,samsung
11353,facebook
11354,samsung
11355,facebook
11356,whatsapp
11357,google
11358,apple
11359,facebook
11360,whatsapp
11361,samsung
11362,facebook
11363,apple
11364,facebook
11365,apple
11366,samsung
11367,apple
11368,whatsapp
11369,samsung
11370,whatsapp
11371,google
11372,apple
11373,messenger
11374,whatsapp
11375,google
11376,samsung
11377,whatsapp
11378,apple
11379,apple
11380,whatsapp
11381,samsung
11382,apple
11383,whatsapp
11384,facebook
11385,facebook
11386,google
11387,messenger
11388,google
11389,google
11390,apple
11391,facebook
11392,whatsapp
11393,google
11394,samsung
11395,apple
11396,samsung
11397,google
11398,whatsapp
11399,samsung
11400,google
11401,facebook
11402,samsung
11403,samsung
11404,messenger
11405,whatsapp
11406,messenger
11407,facebook
11408,facebook
11409,google
11410,messenger
11411,samsung
11412,messenger
11413,apple
11414,whatsapp
11415,google
11416,whatsapp
11417,whatsapp
11418,whatsapp
11419,samsung
11420,apple
11421,mozilla
11422,facebook
11423,google
11424,whatsapp
11425,facebook
11426,facebook
11427,whatsapp
11428,google
11429,google
11430,google
11431,google
11432,apple
11433,samsung
11434,apple
11435,apple
11436,apple
11437,apple
11438,samsung
11439,mozilla
11440,google
11441,apple
11442,facebook
11443,facebook
11444,samsung
11445,apple
11446,google
11447,messenger
11448,mozilla
11449,messenger
11450,samsung
11451,apple
11452,samsung
11453,facebook
11454,facebook
11455,google
11456,samsung
11457,messenger
11458,facebook
11459,apple
11460,facebook
11461,apple
11462,samsung
11463,samsung
11464,google
11465,google
11466,samsung
11467,whatsapp
11468,facebook
11469,samsung
11470,google
11471,google
11472,apple
11473,google
11474,whatsapp
11475,samsung
11476,google
11477,messenger
11478,whatsapp
11479,samsung
11480,apple
11481,samsung
11482,google
11483,apple
11484,mozilla
11485,google
11486,whatsapp
11487,whatsapp
11488,facebook
11489,google
11490,apple
11491,whatsapp
11492,samsung
11493,google
11494,google
11495,whatsapp
11496,google
11497,google
11498,samsung
11499,mozilla
11500,google
11501,apple
11502,samsung
11503,mozilla
11504,mozilla
11505,whatsapp
11506,apple
11507,google
11508,facebook
11509,samsung
11510,google
11511,facebook
11512,whatsapp
11513,apple
11514,samsung
11515,facebook
11516,whatsapp
11517,google
11518,apple
11519,messenger
11520,whatsapp
11521,facebook
11522,google
11523,whatsapp
11524,apple
11525,apple
11526,facebook
11527,google
11528,google
11529,samsung
11530,samsung
11531,google
11532,facebook
11533,google
11534,samsung
11535,whatsapp
11536,samsung
11537,facebook
11538,facebook
11539,whatsapp
11540,whatsapp
11541,google
11542,facebook
11543,samsung
11544,apple
11545,google
11546,mozilla
11547,facebook
11548,samsung
11549,apple
11550,google
11551,google
11552,apple
11553,google
11554,google
11555,apple
11556,mozilla
11557,samsung
11558,facebook
11559,google
11560,facebook
11561,samsung
11562,facebook
11563,messenger
11564,facebook
11565,google
11566,whatsapp
11567,whatsapp
11568,apple
11569,google
11570,samsung
11571,samsung
11572,google
11573,samsung
11574,samsung
11575,whatsapp
11576,google
11577,google
11578,apple
11579,messenger
11580,apple
11581,messenger
11582,apple
11583,samsung
11584,facebook
11585,google
11586,samsung
11587,google
11588,google
11589,whatsapp
11590,samsung
11591,samsung
11592,apple
11593,apple
11594,samsung
11595,whatsapp
11596,whatsapp
11597,google
11598,google
11599,messenger
11600,google
11601,apple
11602,mozilla
11603,whatsapp
11604,whatsapp
11605,google
11606,google
11607,samsung
11608,samsung
11609,samsung
11610,whatsapp
11611,facebook
11612,samsung
11613,facebook
11614,whatsapp
11615,samsung
11616,apple
11617,facebook
11618,whatsapp
11619,whatsapp
11620,apple
11621,apple
11622,whatsapp
11623,samsung
11624,samsung
11625,google
11626,mozilla
11627,samsung
11628,google
11629,google
11630,facebook
11631,messenger
11632,apple
11633,apple
11634,facebook
11635,facebook
11636,whatsapp
11637,messenger
11638,whatsapp
11639,whatsapp
11640,google
11641,facebook
11642,apple
11643,whatsapp
11644,google
11645,google
11646,apple
11647,whatsapp
11648,apple
11649,apple
11650,google
11651,facebook
11652,whatsapp
11653,apple
11654,google
11655,google
11656,facebook
11657,facebook
11658,google
11659,samsung
11660,whatsapp
11661,mozilla
11662,apple
11663,facebook
11664,samsung
11665,whatsapp
11666,google
11667,facebook
11668,whatsapp
11669,google
11670,apple
11671,mozilla
11672,facebook
11673,samsung
11674,google
11675,apple
11676,google
11677,google
11678,google
11679,google
11680,apple
11681,apple
11682,apple
11683,google
11684,whatsapp
11685,samsung
11686,whatsapp
11687,mozilla
11688,google
11689,samsung
11690,apple
11691,samsung
11692,google
11693,facebook
11694,samsung
11695,facebook
11696,google
11697,samsung
11698,apple
11699,facebook
11700,apple
11701,facebook
11702,facebook
11703,whatsapp
11704,apple
11705,facebook
11706,messenger
11707,whatsapp
11708,whatsapp
11709,apple
11710,google
11711,apple
11712,samsung
11713,google
11714,facebook
11715,facebook
11716,facebook
11717,whatsapp
11718,messenger
11719,whatsapp
11720,whatsapp
11721,google
11722,facebook
11723,google
11724,apple
11725,facebook
11726,google
11727,apple
11728,samsung
11729,samsung
11730,google
11731,mozilla
11732,facebook
11733,samsung
11734,samsung
11735,whatsapp
11736,google
11737,google
11738,samsung
11739,samsung
11740,whatsapp
11741,messenger
11742,messenger
11743,whatsapp
11744,facebook
11745,whatsapp
11746,google
11747,samsung
11748,messenger
11749,whatsapp
11750,google
11751,whatsapp
11752,samsung
11753,messenger
11754,mozilla
11755,google
11756,apple
11757,google
11758,mozilla
11759,whatsapp
11760,samsung
11761,apple
11762,samsung
11763,facebook
11764,apple
11765,samsung
11766,samsung
11767,apple
11768,samsung
11769,apple
11770,mozilla
11771,facebook
11772,whatsapp
11773,facebook
11774,apple
11775,samsung
11776,facebook
11777,apple
11778,whatsapp
11779,facebook
11780,facebook
11781,facebook
11782,google
11783,mozilla
11784,samsung
11785,samsung
11786,mozilla
11787,whatsapp
11788,samsung
11789,apple
11790,whatsapp
11791,mozilla
11792,google
11793,apple
11794,apple
11795,apple
11796,whatsapp
11797,google
11798,whatsapp
11799,whatsapp
11800,samsung
11801,whatsapp
11802,apple
11803,whatsapp
11804,facebook
11805,apple
11806,apple
11807,whatsapp
11808,apple
11809,whatsapp
11810,samsung
11811,google
11812,whatsapp
11813,messenger
11814,samsung
11815,apple
11816,whatsapp
11817,google
11818,whatsapp
11819,whatsapp
11820,samsung
11821,google
11822,apple
11823,facebook
11824,apple
11825,whatsapp
11826,samsung
11827,google
11828,samsung
11829,google
11830,facebook
11831,google
11832,google
11833,facebook
11834,samsung
11835,samsung
11836,facebook
11837,whatsapp
11838,facebook
11839,whatsapp
11840,facebook
11841,facebook
11842,samsung
11843,google
11844,whatsapp
11845,google
11846,apple
11847,facebook
11848,apple
11849,apple
11850,samsung
11851,apple
11852,apple
11853,facebook
11854,apple
11855,samsung
11856,apple
11857,facebook
11858,whatsapp
11859,samsung
11860,apple
11861,samsung
11862,google
11863,messenger
11864,samsung
11865,google
11866,whatsapp
11867,apple
11868,apple
11869,facebook
11870,whatsapp
11871,samsung
11872,facebook
11873,samsung
11874,google
11875,facebook
11876,samsung
11877,google
11878,facebook
11879,google
11880,whatsapp
11881,samsung
11882,google
11883,samsung
11884,google
11885,facebook
11886,apple
11887,apple
11888,whatsapp
11889,facebook
11890,google
11891,whatsapp
11892,facebook
11893,facebook
11894,google
11895,whatsapp
11896,google
11897,whatsapp
11898,google
11899,mozilla
11900,messenger
11901,apple
11902,samsung
11903,google
11904,whatsapp
11905,messenger
11906,mozilla
11907,samsung
11908,samsung
11909,samsung
11910,whatsapp
11911,whatsapp
11912,whatsapp
11913,samsung
11914,whatsapp
11915,mozilla
11916,whatsapp
11917,apple
11918,apple
11919,facebook
11920,apple
11921,facebook
11922,facebook
11923,google
11924,samsung
11925,apple
11926,apple
11927,facebook
11928,samsung
11929,google
11930,google
11931,google
11932,google
11933,apple
11934,whatsapp
11935,whatsapp
11936,apple
11937,mozilla
11938,samsung
11939,apple
11940,messenger
11941,facebook
11942,mozilla
11943,whatsapp
11944,google
11945,google
11946,google
11947,facebook
11948,facebook
11949,apple
11950,apple
11951,apple
11952,samsung
11953,facebook
11954,apple
11955,mozilla
11956,apple
11957,apple
11958,facebook
11959,messenger
11960,samsung
11961,whatsapp
11962,whatsapp
11963,google
11964,whatsapp
11965,messenger
11966,samsung
11967,samsung
11968,google
11969,whatsapp
11970,google
11971,apple
11972,apple
11973,apple
11974,samsung
11975,google
11976,google
11977,apple
11978,whatsapp
11979,whatsapp
11980,messenger
11981,google
11982,apple
11983,google
11984,whatsapp
11985,apple
11986,samsung
11987,samsung
11988,messenger
11989,google
11990,samsung
11991,samsung
11992,whatsapp
11993,facebook
11994,mozilla
11995,whatsapp
11996,apple
11997,apple
11998,samsung
11999,mozilla
12000,samsung
12001,whatsapp
12002,whatsapp
12003,google
12004,whatsapp
12005,whatsapp
12006,apple
12007,facebook
12008,whatsapp
12009,apple
12010,samsung
12011,facebook
12012,apple
12013,facebook
12014,google
12015,samsung
12016,apple
12017,facebook
12018,facebook
12019,facebook
12020,google
12021,google
12022,samsung
12023,facebook
12024,facebook
12025,whatsapp
12026,whatsapp
12027,google
12028,apple
12029,google
12030,samsung
12031,google
12032,google
12033,google
12034,google
12035,google
12036,messenger
12037,samsung
12038,apple
12039,whatsapp
12040,facebook
12041,google
12042,whatsapp
12043,whatsapp
12044,apple
12045,facebook
12046,apple
12047,apple
12048,whatsapp
12049,mozilla
12050,samsung
12051,whatsapp
12052,apple
12053,apple
12054,whatsapp
12055,whatsapp
12056,messenger
12057,mozilla
12058,samsung
12059,google
12060,google
12061,facebook
12062,apple
12063,samsung
12064,facebook
12065,samsung
12066,mozilla
12067,messenger
12068,facebook
12069,facebook
12070,apple
12071,facebook
12072,apple
12073,google
12074,google
12075,messenger
12076,apple
12077,apple
12078,google
12079,mozilla
12080,google
12081,facebook
12082,samsung
12083,facebook
12084,apple
12085,facebook
12086,samsung
12087,google
12088,whatsapp
12089,whatsapp
12090,samsung
12091,whatsapp
12092,facebook
12093,mozilla
12094,samsung
12095,samsung
12096,google
12097,messenger
12098,samsung
12099,facebook
12100,apple
12101,messenger
12102,mozilla
12103,mozilla
12104,mozilla
12105,samsung
12106,apple
12107,whatsapp
12108,apple
12109,google
12110,whatsapp
12111,messenger
12112,google
12113,apple
12114,google
12115,mozilla
12116,google
12117,mozilla
12118,whatsapp
12119,facebook
12120,apple
12121,apple
12122,apple
12123,whatsapp
12124,samsung
12125,samsung
12126,facebook
12127,google
12128,facebook
12129,apple
12130,whatsapp
12131,apple
12132,apple
12133,google
12134,samsung
12135,google
12136,google
12137,samsung
12138,apple
12139,apple
12140,apple
12141,samsung
12142,apple
12143,whatsapp
12144,whatsapp
12145,whatsapp
12146,whatsapp
12147,mozilla
12148,samsung
12149,samsung
12150,samsung
12151,google
12152,whatsapp
12153,mozilla
12154,google
12155,google
12156,facebook
12157,whatsapp
12158,facebook
12159,whatsapp
12160,apple
12161,samsung
12162,google
12163,whatsapp
12164,apple
12165,google
12166,facebook
12167,samsung
12168,google
12169,whatsapp
12170,facebook
12171,whatsapp
12172,mozilla
12173,google
12174,samsung
12175,samsung
12176,google
12177,whatsapp
12178,google
12179,google
12180,whatsapp
12181,whatsapp
12182,google
12183,facebook
12184,facebook
12185,facebook
12186,whatsapp
12187,apple
12188,apple
12189,facebook
12190,whatsapp
12191,facebook
12192,google
12193,whatsapp
12194,samsung
12195,samsung
12196,google
12197,messenger
12198,google
12199,facebook
12200,google
12201,samsung
12202,whatsapp
12203,whatsapp
12204,samsung
12205,whatsapp
12206,google
12207,google
12208,google
12209,messenger
12210,samsung
12211,facebook
12212,google
12213,google
12214,messenger
12215,samsung
12216,google
12217,google
12218,mozilla
12219,facebook
12220,apple
12221,facebook
12222,google
12223,google
12224,apple
12225,whatsapp
12226,apple
12227,google
12228,whatsapp
12229,samsung
12230,google
12231,apple
12232,apple
12233,samsung
12234,apple
12235,apple
12236,apple
12237,facebook
12238,whatsapp
12239,whatsapp
12240,apple
12241,whatsapp
12242,apple
12243,google
12244,apple
12245,apple
12246,samsung
12247,whatsapp
12248,facebook
12249,messenger
12250,samsung
12251,apple
12252,apple
12253,whatsapp
12254,samsung
12255,samsung
12256,whatsapp
12257,google
12258,google
12259,google
12260,facebook
12261,messenger
12262,facebook
12263,messenger
12264,google
12265,apple
12266,google
12267,samsung
12268,apple
12269,google
12270,samsung
12271,facebook
12272,facebook
12273,messenger
12274,apple
12275,apple
12276,google
12277,google
12278,facebook
12279,apple
12280,messenger
12281,samsung
12282,google
12283,whatsapp
12284,samsung
12285,google
12286,messenger
12287,whatsapp
12288,google
12289,samsung
12290,samsung
12291,apple
12292,google
12293,samsung
12294,apple
12295,facebook
12296,google
12297,google
12298,facebook
12299,google
12300,samsung
12301,apple
12302,whatsapp
12303,google
12304,google
12305,facebook
12306,google
12307,google
12308,apple
12309,samsung
12310,messenger
12311,apple
12312,google
12313,google
12314,samsung
12315,google
12316,messenger
12317,samsung
12318,facebook
12319,google
12320,google
12321,google
12322,samsung
12323,whatsapp
12324,apple
12325,facebook
12326,apple
12327,apple
12328,whatsapp
12329,facebook
12330,google
12331,facebook
12332,facebook
12333,facebook
12334,samsung
12335,google
12336,samsung
12337,google
12338,facebook
12339,samsung
12340,samsung
12341,whatsapp
12342,facebook
12343,apple
12344,samsung
12345,apple
12346,samsung
12347,apple
12348,whatsapp
12349,facebook
12350,google
12351,samsung
12352,google
12353,apple
12354,facebook
12355,google
12356,apple
12357,whatsapp
12358,facebook
12359,google
12360,facebook
12361,samsung
12362,samsung
12363,whatsapp
12364,apple
12365,google
12366,apple
12367,whatsapp
12368,google
12369,google
12370,mozilla
12371,apple
12372,samsung
12373,facebook
12374,apple
12375,samsung
12376,samsung
12377,google
12378,apple
12379,google
12380,apple
12381,facebook
12382,facebook
12383,whatsapp
12384,facebook
12385,samsung
12386,apple
12387,apple
12388,samsung
12389,mozilla
12390,samsung
12391,facebook
12392,facebook
12393,facebook
12394,apple
12395,facebook
12396,whatsapp
12397,google
12398,apple
12399,samsung
12400,google
12401,whatsapp
12402,google
12403,whatsapp
12404,facebook
12405,google
12406,apple
12407,mozilla
12408,google
12409,messenger
12410,whatsapp
12411,samsung
12412,samsung
12413,apple
12414,google
12415,mozilla
12416,samsung
12417,facebook
12418,whatsapp
12419,samsung
12420,whatsapp
12421,messenger
12422,samsung
12423,google
12424,samsung
12425,apple
12426,apple
12427,facebook
12428,messenger
12429,google
12430,facebook
12431,messenger
12432,facebook
12433,apple
12434,mozilla
12435,facebook
12436,facebook
12437,google
12438,google
12439,apple
12440,facebook
12441,facebook
12442,facebook
12443,samsung
12444,facebook
12445,apple
12446,google
12447,whatsapp
12448,whatsapp
12449,whatsapp
12450,whatsapp
12451,apple
12452,google
12453,messenger
12454,apple
12455,messenger
12456,google
12457,google
12458,google
12459,apple
12460,whatsapp
12461,messenger
12462,google
12463,google
12464,whatsapp
12465,google
12466,whatsapp
12467,facebook
12468,mozilla
12469,messenger
12470,whatsapp
12471,mozilla
12472,facebook
12473,apple
12474,whatsapp
12475,facebook
12476,facebook
12477,messenger
12478,apple
12479,whatsapp
12480,whatsapp
12481,google
12482,whatsapp
12483,samsung
12484,samsung
12485,samsung
12486,google
12487,whatsapp
12488,google
12489,messenger
12490,facebook
12491,facebook
12492,samsung
12493,whatsapp
12494,google
12495,google
12496,google
12497,whatsapp
12498,google
12499,samsung
12500,messenger
12501,facebook
12502,apple
12503,samsung
12504,apple
12505,whatsapp
12506,facebook
12507,samsung
12508,google
12509,facebook
12510,apple
12511,messenger
12512,samsung
12513,apple
12514,samsung
12515,google
12516,google
12517,apple
12518,messenger
12519,samsung
12520,facebook
12521,google
12522,samsung
12523,mozilla
12524,messenger
12525,whatsapp
12526,samsung
12527,whatsapp
12528,whatsapp
12529,apple
12530,apple
12531,whatsapp
12532,whatsapp
12533,apple
12534,google
12535,google
12536,facebook
12537,samsung
12538,messenger
12539,whatsapp
12540,google
12541,facebook
12542,mozilla
12543,google
12544,samsung
12545,apple
12546,apple
12547,whatsapp
12548,apple
12549,facebook
12550,samsung
12551,messenger
12552,samsung
12553,samsung
12554,apple
12555,whatsapp
12556,apple
12557,mozilla
12558,samsung
12559,google
12560,samsung
12561,whatsapp
12562,facebook
12563,whatsapp
12564,whatsapp
12565,apple
12566,whatsapp
12567,samsung
12568,apple
12569,google
12570,mozilla
12571,samsung
12572,facebook
12573,google
12574,samsung
12575,google
12576,apple
12577,facebook
12578,samsung
12579,whatsapp
12580,facebook
12581,facebook
12582,messenger
12583,facebook
12584,messenger
12585,google
12586,mozilla
12587,apple
12588,whatsapp
12589,facebook
12590,whatsapp
12591,facebook
12592,google
12593,whatsapp
12594,google
12595,messenger
12596,whatsapp
12597,apple
12598,google
12599,apple
12600,whatsapp
12601,messenger
12602,messenger
12603,google
12604,whatsapp
12605,apple
12606,mozilla
12607,messenger
12608,whatsapp
12609,facebook
12610,whatsapp
12611,whatsapp
12612,whatsapp
12613,mozilla
12614,messenger
12615,samsung
12616,whatsapp
12617,google
12618,apple
12619,apple
12620,apple
12621,google
12622,apple
12623,mozilla
12624,facebook
12625,google
12626,samsung
12627,google
12628,facebook
12629,google
12630,samsung
12631,apple
12632,samsung
12633,google
12634,google
12635,whatsapp
12636,facebook
12637,messenger
12638,samsung
12639,samsung
12640,apple
12641,apple
12642,google
12643,google
12644,apple
12645,messenger
12646,whatsapp
12647,mozilla
12648,samsung
12649,messenger
12650,apple
12651,apple
12652,google
12653,whatsapp
12654,whatsapp
12655,google
12656,apple
12657,facebook
12658,messenger
12659,whatsapp
12660,whatsapp
12661,facebook
12662,whatsapp
12663,samsung
12664,apple
12665,whatsapp
12666,whatsapp
12667,whatsapp
12668,mozilla
12669,google
12670,messenger
12671,apple
12672,apple
12673,samsung
12674,apple
12675,facebook
12676,mozilla
12677,whatsapp
12678,whatsapp
12679,samsung
12680,facebook
12681,samsung
12682,apple
12683,google
12684,facebook
12685,facebook
12686,whatsapp
12687,mozilla
12688,apple
12689,mozilla
12690,apple
12691,samsung
12692,apple
12693,mozilla
12694,facebook
12695,samsung
12696,whatsapp
12697,google
12698,apple
12699,whatsapp
12700,apple
12701,apple
12702,mozilla
12703,apple
12704,mozilla
12705,apple
12706,apple
12707,google
12708,apple
12709,whatsapp
12710,apple
12711,samsung
12712,mozilla
12713,google
12714,google
12715,whatsapp
12716,whatsapp
12717,messenger
12718,apple
12719,google
12720,whatsapp
12721,whatsapp
12722,whatsapp
12723,google
12724,samsung
12725,apple
12726,facebook
12727,apple
12728,mozilla
12729,apple
12730,google
12731,whatsapp
12732,samsung
12733,apple
12734,facebook
12735,samsung
12736,whatsapp
12737,samsung
12738,facebook
12739,google
12740,samsung
12741,messenger
12742,facebook
12743,facebook
12744,google
12745,google
12746,messenger
12747,facebook
12748,facebook
12749,whatsapp
12750,messenger
12751,google
12752,whatsapp
12753,google
12754,whatsapp
12755,whatsapp
12756,whatsapp
12757,mozilla
12758,whatsapp
12759,messenger
12760,google
12761,apple
12762,mozilla
12763,whatsapp
12764,whatsapp
12765,facebook
12766,mozilla
12767,apple
12768,google
12769,google
12770,samsung
12771,google
12772,mozilla
12773,samsung
12774,google
12775,whatsapp
12776,whatsapp
12777,google
12778,whatsapp
12779,whatsapp
12780,messenger
12781,mozilla
12782,apple
12783,facebook
12784,mozilla
12785,facebook
12786,facebook
12787,apple
12788,apple
12789,samsung
12790,samsung
12791,whatsapp
12792,samsung
12793,google
12794,apple
12795,whatsapp
12796,whatsapp
12797,samsung
12798,google
12799,mozilla
12800,mozilla
12801,google
12802,whatsapp
12803,messenger
12804,whatsapp
12805,samsung
12806,apple
12807,facebook
12808,apple
12809,apple
12810,google
12811,apple
12812,samsung
12813,samsung
12814,facebook
12815,mozilla
12816,messenger
12817,whatsapp
12818,messenger
12819,whatsapp
12820,apple
12821,facebook
12822,samsung
12823,facebook
12824,apple
12825,google
12826,google
12827,messenger
12828,whatsapp
12829,apple
12830,google
12831,samsung
12832,whatsapp
12833,google
12834,whatsapp
12835,samsung
12836,samsung
12837,whatsapp
12838,google
12839,google
12840,samsung
12841,apple
12842,samsung
12843,whatsapp
12844,apple
12845,google
12846,apple
12847,messenger
12848,google
12849,facebook
12850,samsung
12851,mozilla
12852,samsung
12853,whatsapp
12854,mozilla
12855,google
12856,google
12857,mozilla
12858,facebook
12859,whatsapp
12860,facebook
12861,samsung
12862,google
12863,whatsapp
12864,mozilla
12865,apple
12866,whatsapp
12867,samsung
12868,samsung
12869,google
12870,apple
12871,messenger
12872,whatsapp
12873,mozilla
12874,apple
12875,google
12876,apple
12877,samsung
12878,apple
12879,messenger
12880,facebook
12881,google
12882,whatsapp
12883,google
12884,whatsapp
12885,facebook
12886,whatsapp
12887,apple
12888,samsung
12889,google
12890,apple
12891,google
12892,mozilla
12893,apple
12894,facebook
12895,mozilla
12896,facebook
12897,apple
12898,facebook
12899,messenger
12900,google
12901,apple
12902,apple
12903,google
12904,google
12905,samsung
12906,google
12907,whatsapp
12908,apple
12909,google
12910,google
12911,facebook
12912,samsung
12913,whatsapp
12914,google
12915,mozilla
12916,messenger
12917,facebook
12918,facebook
12919,apple
12920,samsung
12921,whatsapp
12922,google
12923,apple
12924,apple
12925,apple
12926,whatsapp
12927,apple
12928,whatsapp
12929,mozilla
12930,google
12931,whatsapp
12932,samsung
12933,google
12934,apple
12935,facebook
12936,samsung
12937,facebook
12938,apple
12939,whatsapp
12940,samsung
12941,whatsapp
12942,facebook
12943,facebook
12944,apple
12945,apple
12946,mozilla
12947,apple
12948,apple
12949,google
12950,facebook
12951,messenger
12952,facebook
12953,samsung
12954,samsung
12955,apple
12956,facebook
12957,whatsapp
12958,facebook
12959,google
12960,whatsapp
12961,whatsapp
12962,facebook
12963,whatsapp
12964,apple
12965,google
12966,apple
12967,google
12968,samsung
12969,google
12970,messenger
12971,mozilla
12972,google
12973,apple
12974,apple
12975,apple
12976,google
12977,apple
12978,apple
12979,facebook
12980,google
12981,samsung
12982,samsung
12983,facebook
12984,google
12985,facebook
12986,facebook
12987,apple
12988,google
12989,facebook
12990,whatsapp
12991,apple
12992,mozilla
12993,whatsapp
12994,samsung
12995,mozilla
12996,mozilla
12997,google
12998,whatsapp
12999,google
13000,mozilla
13001,facebook
13002,messenger
13003,whatsapp
13004,apple
13005,facebook
13006,samsung
13007,apple
13008,apple
13009,whatsapp
13010,apple
13011,facebook
13012,samsung
13013,google
13014,samsung
13015,messenger
13016,facebook
13017,whatsapp
13018,messenger
13019,google
13020,whatsapp
13021,whatsapp
13022,apple
13023,samsung
13024,facebook
13025,whatsapp
13026,google
13027,samsung
13028,messenger
13029,whatsapp
13030,samsung
13031,facebook
13032,samsung
13033,google
13034,mozilla
13035,whatsapp
13036,samsung
13037,samsung
13038,samsung
13039,messenger
13040,samsung
13041,samsung
13042,facebook
13043,whatsapp
13044,google
13045,apple
13046,samsung
13047,facebook
13048,messenger
13049,apple
13050,google
13051,google
13052,whatsapp
13053,google
13054,facebook
13055,apple
13056,google
13057,apple
13058,samsung
13059,apple
13060,apple
13061,samsung
13062,google
13063,whatsapp
13064,google
13065,samsung
13066,whatsapp
13067,apple
13068,facebook
13069,whatsapp
13070,samsung
13071,facebook
13072,apple
13073,apple
13074,samsung
13075,google
13076,apple
13077,samsung
13078,facebook
13079,whatsapp
13080,whatsapp
13081,google
13082,google
13083,facebook
13084,whatsapp
13085,apple
13086,facebook
13087,apple
13088,whatsapp
13089,google
13090,apple
13091,google
13092,google
13093,google
13094,whatsapp
13095,whatsapp
13096,google
13097,whatsapp
13098,samsung
13099,apple
13100,samsung
13101,samsung
13102,whatsapp
13103,apple
13104,apple
13105,whatsapp
13106,google
13107,facebook
13108,messenger
13109,google
13110,whatsapp
13111,apple
13112,samsung
13113,google
13114,messenger
13115,samsung
13116,samsung
13117,apple
13118,mozilla
13119,google
13120,whatsapp
13121,whatsapp
13122,whatsapp
13123,samsung
13124,samsung
13125,samsung
13126,google
13127,messenger
13128,facebook
13129,apple
13130,facebook
13131,apple
13132,samsung
13133,whatsapp
13134,facebook
13135,samsung
13136,whatsapp
13137,apple
13138,messenger
13139,facebook
13140,apple
13141,whatsapp
13142,google
13143,samsung
13144,google
13145,google
13146,facebook
13147,apple
13148,whatsapp
13149,facebook
13150,facebook
13151,whatsapp
13152,samsung
13153,whatsapp
13154,apple
13155,google
13156,samsung
13157,google
13158,facebook
13159,google
13160,google
13161,samsung
13162,google
13163,messenger
13164,samsung
13165,apple
13166,samsung
13167,samsung
13168,facebook
13169,facebook
13170,facebook
13171,messenger
13172,facebook
13173,apple
13174,mozilla
13175,samsung
13176,samsung
13177,whatsapp
13178,whatsapp
13179,samsung
13180,apple
13181,google
13182,google
13183,mozilla
13184,mozilla
13185,google
13186,facebook
13187,google
13188,samsung
13189,google
13190,google
13191,google
13192,apple
13193,samsung
13194,apple
13195,facebook
13196,google
13197,whatsapp
13198,google
13199,whatsapp
13200,samsung
13201,whatsapp
13202,samsung
13203,whatsapp
13204,apple
13205,messenger
13206,google
13207,whatsapp
13208,samsung
13209,whatsapp
13210,facebook
13211,mozilla
13212,mozilla
13213,google
13214,google
13215,mozilla
13216,samsung
13217,whatsapp
13218,apple
13219,whatsapp
13220,facebook
13221,google
13222,samsung
13223,apple
13224,apple
13225,facebook
13226,facebook
13227,google
13228,facebook
13229,whatsapp
13230,mozilla
13231,samsung
13232,samsung
13233,messenger
13234,google
13235,samsung
13236,google
13237,apple
13238,samsung
13239,samsung
13240,whatsapp
13241,apple
13242,samsung
13243,samsung
13244,whatsapp
13245,whatsapp
13246,apple
13247,mozilla
13248,whatsapp
13249,facebook
13250,facebook
13251,apple
13252,facebook
13253,facebook
13254,apple
13255,google
13256,samsung
13257,samsung
13258,messenger
13259,google
13260,whatsapp
13261,messenger
13262,google
13263,facebook
13264,google
13265,google
13266,apple
13267,samsung
13268,apple
13269,samsung
13270,messenger
13271,apple
13272,whatsapp
13273,facebook
13274,mozilla
13275,apple
13276,samsung
13277,samsung
13278,google
13279,google
13280,apple
13281,facebook
13282,apple
13283,google
13284,whatsapp
13285,apple
13286,apple
13287,google
13288,whatsapp
13289,google
13290,facebook
13291,google
13292,mozilla
13293,messenger
13294,google
13295,apple
13296,whatsapp
13297,google
13298,google
13299,messenger
13300,samsung
13301,whatsapp
13302,whatsapp
13303,samsung
13304,google
13305,google
13306,google
13307,google
13308,apple
13309,apple
13310,google
13311,google
13312,apple
13313,samsung
13314,google
13315,messenger
13316,whatsapp
13317,mozilla
13318,samsung
13319,samsung
13320,whatsapp
13321,samsung
13322,whatsapp
13323,whatsapp
13324,samsung
13325,apple
13326,facebook
13327,apple
13328,google
13329,apple
13330,whatsapp
13331,whatsapp
13332,google
13333,whatsapp
13334,google
13335,whatsapp
13336,whatsapp
13337,whatsapp
13338,whatsapp
13339,samsung
13340,samsung
13341,apple
13342,mozilla
13343,samsung
13344,samsung
13345,google
13346,apple
13347,apple
13348,samsung
13349,google
13350,samsung
13351,apple
13352,apple
13353,google
13354,samsung
13355,samsung
13356,whatsapp
13357,facebook
13358,facebook
13359,facebook
13360,whatsapp
13361,apple
13362,apple
13363,apple
13364,apple
13365,messenger
13366,apple
13367,google
13368,google
13369,apple
13370,whatsapp
13371,samsung
13372,apple
13373,samsung
13374,samsung
13375,google
13376,samsung
13377,samsung
13378,mozilla
13379,samsung
13380,whatsapp
13381,facebook
13382,samsung
13383,google
13384,facebook
13385,whatsapp
13386,facebook
13387,facebook
13388,google
13389,mozilla
13390,samsung
13391,google
13392,google
13393,facebook
13394,apple
13395,mozilla
13396,whatsapp
13397,whatsapp
13398,mozilla
13399,mozilla
13400,whatsapp
13401,google
13402,facebook
13403,facebook
13404,google
13405,mozilla
13406,apple
13407,facebook
13408,whatsapp
13409,google
13410,apple
13411,samsung
13412,messenger
13413,whatsapp
13414,facebook
13415,google
13416,messenger
13417,messenger
13418,samsung
13419,apple
13420,google
13421,whatsapp
13422,apple
13423,whatsapp
13424,apple
13425,google
13426,mozilla
13427,facebook
13428,google
13429,google
13430,google
13431,samsung
13432,samsung
13433,whatsapp
13434,google
13435,samsung
13436,google
13437,messenger
13438,facebook
13439,samsung
13440,google
13441,whatsapp
13442,google
13443,google
13444,apple
13445,google
13446,samsung
13447,samsung
13448,whatsapp
13449,apple
13450,facebook
13451,google
13452,samsung
13453,whatsapp
13454,google
13455,whatsapp
13456,samsung
13457,google
13458,google
13459,google
13460,apple
13461,samsung
13462,facebook
13463,facebook
13464,apple
13465,google
13466,whatsapp
13467,apple
13468,whatsapp
13469,google
13470,google
13471,google
13472,google
13473,whatsapp
13474,samsung
13475,facebook
13476,samsung
13477,apple
13478,samsung
13479,samsung
13480,facebook
13481,apple
13482,samsung
13483,google
13484,google
13485,apple
13486,apple
13487,samsung
13488,google
13489,whatsapp
13490,samsung
13491,facebook
13492,google
13493,google
13494,google
13495,facebook
13496,whatsapp
13497,whatsapp
13498,whatsapp
13499,apple
13500,messenger
13501,samsung
13502,google
13503,apple
13504,samsung
13505,facebook
13506,messenger
13507,apple
13508,samsung
13509,google
13510,samsung
13511,whatsapp
13512,samsung
13513,apple
13514,facebook
13515,apple
13516,samsung
13517,google
13518,google
13519,apple
13520,whatsapp
13521,facebook
13522,apple
13523,whatsapp
13524,whatsapp
13525,google
13526,samsung
13527,mozilla
13528,mozilla
13529,apple
13530,google
13531,mozilla
13532,facebook
13533,whatsapp
13534,apple
13535,facebook
13536,apple
13537,google
13538,messenger
13539,whatsapp
13540,samsung
13541,whatsapp
13542,samsung
13543,samsung
13544,samsung
13545,samsung
13546,google
13547,google
13548,samsung
13549,whatsapp
13550,samsung
13551,whatsapp
13552,samsung
13553,samsung
13554,apple
13555,whatsapp
13556,whatsapp
13557,whatsapp
13558,samsung
13559,samsung
13560,whatsapp
13561,whatsapp
13562,apple
13563,apple
13564,samsung
13565,mozilla
13566,facebook
13567,messenger
13568,apple
13569,whatsapp
13570,samsung
13571,whatsapp
13572,facebook
13573,samsung
13574,samsung
13575,google
13576,google
13577,whatsapp
13578,whatsapp
13579,facebook
13580,facebook
13581,mozilla
13582,google
13583,whatsapp
13584,apple
13585,google
13586,messenger
13587,whatsapp
13588,whatsapp
13589,facebook
13590,facebook
13591,apple
13592,samsung
13593,samsung
13594,apple
13595,facebook
13596,messenger
13597,facebook
13598,messenger
13599,google
13600,whatsapp
13601,whatsapp
13602,samsung
13603,apple
13604,samsung
13605,google
13606,mozilla
13607,facebook
13608,facebook
13609,apple
13610,google
13611,google
13612,apple
13613,samsung
13614,facebook
13615,whatsapp
13616,apple
13617,apple
13618,facebook
13619,apple
13620,apple
13621,facebook
13622,whatsapp
13623,samsung
13624,whatsapp
13625,whatsapp
13626,whatsapp
13627,google
13628,whatsapp
13629,whatsapp
13630,facebook
13631,whatsapp
13632,messenger
13633,apple
13634,facebook
13635,facebook
13636,whatsapp
13637,whatsapp
13638,samsung
13639,google
13640,whatsapp
13641,whatsapp
13642,google
13643,facebook
13644,facebook
13645,google
13646,messenger
13647,whatsapp
13648,apple
13649,google
13650,google
13651,facebook
13652,messenger
13653,apple
13654,apple
13655,whatsapp
13656,whatsapp
13657,google
13658,messenger
13659,google
13660,samsung
13661,whatsapp
13662,apple
13663,facebook
13664,whatsapp
13665,whatsapp
13666,whatsapp
13667,whatsapp
13668,apple
13669,apple
13670,facebook
13671,google
13672,google
13673,samsung
13674,apple
13675,facebook
13676,facebook
13677,whatsapp
13678,mozilla
13679,google
13680,whatsapp
13681,google
13682,apple
13683,whatsapp
13684,apple
13685,facebook
13686,apple
13687,samsung
13688,apple
13689,mozilla
13690,google
13691,apple
13692,google
13693,facebook
13694,facebook
13695,google
13696,apple
13697,mozilla
13698,mozilla
13699,whatsapp
13700,apple
13701,samsung
13702,samsung
13703,google
13704,samsung
13705,messenger
13706,samsung
13707,google
13708,facebook
13709,google
13710,whatsapp
13711,google
13712,apple
13713,apple
13714,whatsapp
13715,samsung
13716,samsung
13717,google
13718,samsung
13719,google
13720,google
13721,facebook
13722,whatsapp
13723,apple
13724,whatsapp
13725,apple
13726,google
13727,whatsapp
13728,apple
13729,samsung
13730,messenger
13731,facebook
13732,messenger
13733,facebook
13734,mozilla
13735,samsung
13736,samsung
13737,samsung
13738,facebook
13739,mozilla
13740,google
13741,whatsapp
13742,apple
13743,facebook
13744,apple
13745,apple
13746,facebook
13747,google
13748,whatsapp
13749,whatsapp
13750,samsung
13751,whatsapp
13752,google
13753,apple
13754,google
13755,google
13756,google
13757,samsung
13758,google
13759,samsung
13760,whatsapp
13761,messenger
13762,apple
13763,messenger
13764,apple
13765,apple
13766,facebook
13767,facebook
13768,mozilla
13769,whatsapp
13770,google
13771,google
13772,apple
13773,facebook
13774,google
13775,messenger
13776,google
13777,whatsapp
13778,whatsapp
13779,google
13780,apple
13781,google
13782,apple
13783,samsung
13784,samsung
13785,samsung
13786,facebook
13787,samsung
13788,google
13789,mozilla
13790,google
13791,samsung
13792,mozilla
13793,whatsapp
13794,google
13795,facebook
13796,samsung
13797,whatsapp
13798,apple
13799,facebook
13800,facebook
13801,whatsapp
13802,facebook
13803,whatsapp
13804,apple
13805,samsung
13806,messenger
13807,google
13808,google
13809,whatsapp
13810,samsung
13811,whatsapp
13812,samsung
13813,facebook
13814,whatsapp
13815,google
13816,google
13817,google
13818,google
13819,samsung
13820,facebook
13821,google
13822,google
13823,google
13824,facebook
13825,whatsapp
13826,apple
13827,facebook
13828,messenger
13829,apple
13830,whatsapp
13831,whatsapp
13832,messenger
13833,messenger
13834,google
13835,facebook
13836,whatsapp
13837,facebook
13838,apple
13839,google
13840,whatsapp
13841,google
13842,facebook
13843,whatsapp
13844,samsung
13845,samsung
13846,facebook
13847,samsung
13848,google
13849,apple
13850,mozilla
13851,facebook
13852,apple
13853,apple
13854,apple
13855,whatsapp
13856,whatsapp
13857,samsung
13858,facebook
13859,whatsapp
13860,facebook
13861,google
13862,whatsapp
13863,google
13864,samsung
13865,whatsapp
13866,mozilla
13867,samsung
13868,samsung
13869,whatsapp
13870,samsung
13871,whatsapp
13872,facebook
13873,whatsapp
13874,apple
13875,google
13876,whatsapp
13877,samsung
13878,facebook
13879,whatsapp
13880,facebook
13881,facebook
13882,apple
13883,whatsapp
13884,apple
13885,whatsapp
13886,google
13887,samsung
13888,whatsapp
13889,facebook
13890,apple
13891,samsung
13892,apple
13893,messenger
13894,whatsapp
13895,apple
13896,google
13897,samsung
13898,google
13899,google
13900,samsung
13901,facebook
13902,apple
13903,samsung
13904,facebook
13905,samsung
13906,samsung
13907,messenger
13908,facebook
13909,messenger
13910,facebook
13911,facebook
13912,samsung
13913,messenger
13914,apple
13915,samsung
13916,messenger
13917,facebook
13918,mozilla
13919,whatsapp
13920,whatsapp
13921,samsung
13922,google
13923,samsung
13924,samsung
13925,google
13926,google
13927,apple
13928,google
13929,whatsapp
13930,whatsapp
13931,google
13932,google
13933,google
13934,google
13935,samsung
13936,mozilla
13937,whatsapp
13938,facebook
13939,whatsapp
13940,mozilla
13941,google
13942,whatsapp
13943,messenger
13944,whatsapp
13945,apple
13946,facebook
13947,apple
13948,whatsapp
13949,apple
13950,google
13951,google
13952,facebook
13953,samsung
13954,whatsapp
13955,facebook
13956,google
13957,messenger
13958,whatsapp
13959,apple
13960,apple
13961,google
13962,facebook
13963,google
13964,samsung
13965,whatsapp
13966,whatsapp
13967,whatsapp
13968,whatsapp
13969,google
13970,samsung
13971,facebook
13972,apple
13973,whatsapp
13974,apple
13975,mozilla
13976,facebook
13977,whatsapp
13978,whatsapp
13979,google
13980,apple
13981,facebook
13982,apple
13983,facebook
13984,facebook
13985,google
13986,apple
13987,messenger
13988,messenger
13989,facebook
13990,messenger
13991,whatsapp
13992,apple
13993,whatsapp
13994,samsung
13995,messenger
13996,mozilla
13997,apple
13998,messenger
13999,apple
14000,samsung
14001,apple
14002,google
14003,facebook
14004,samsung
14005,google
14006,mozilla
14007,messenger
14008,samsung
14009,samsung
14010,apple
14011,apple
14012,google
14013,whatsapp
14014,samsung
14015,whatsapp
14016,apple
14017,samsung
14018,apple
14019,whatsapp
14020,whatsapp
14021,samsung
14022,samsung
14023,mozilla
14024,facebook
14025,samsung
14026,mozilla
14027,apple
14028,samsung
14029,google
14030,apple
14031,apple
14032,whatsapp
14033,facebook
14034,mozilla
14035,whatsapp
14036,samsung
14037,facebook
14038,samsung
14039,samsung
14040,facebook
14041,apple
14042,google
14043,messenger
14044,google
14045,facebook
14046,samsung
14047,mozilla
14048,mozilla
14049,mozilla
14050,apple
14051,mozilla
14052,google
14053,google
14054,messenger
14055,apple
14056,google
14057,apple
14058,facebook
14059,apple
14060,mozilla
14061,samsung
14062,mozilla
14063,google
14064,google
14065,google
14066,samsung
14067,apple
14068,samsung
14069,apple
14070,google
14071,facebook
14072,google
14073,whatsapp
14074,samsung
14075,samsung
14076,samsung
14077,facebook
14078,facebook
14079,apple
14080,google
14081,apple
14082,apple
14083,apple
14084,apple
14085,apple
14086,apple
14087,facebook
14088,samsung
14089,messenger
14090,whatsapp
14091,mozilla
14092,apple
14093,apple
14094,whatsapp
14095,google
14096,apple
14097,google
14098,google
14099,google
14100,samsung
14101,messenger
14102,google
14103,google
14104,mozilla
14105,samsung
14106,apple
14107,mozilla
14108,apple
14109,google
14110,apple
14111,apple
14112,samsung
14113,messenger
14114,whatsapp
14115,messenger
14116,samsung
14117,mozilla
14118,samsung
14119,facebook
14120,apple
14121,google
14122,whatsapp
14123,facebook
14124,whatsapp
14125,mozilla
14126,whatsapp
14127,apple
14128,whatsapp
14129,facebook
14130,facebook
14131,facebook
14132,messenger
14133,facebook
14134,samsung
14135,whatsapp
14136,samsung
14137,samsung
14138,samsung
14139,mozilla
14140,google
14141,facebook
14142,whatsapp
14143,samsung
14144,whatsapp
14145,google
14146,facebook
14147,apple
14148,apple
14149,google
14150,apple
14151,whatsapp
14152,apple
14153,apple
14154,google
14155,facebook
14156,whatsapp
14157,whatsapp
14158,whatsapp
14159,samsung
14160,whatsapp
14161,samsung
14162,google
14163,samsung
14164,whatsapp
14165,facebook
14166,apple
14167,mozilla
14168,whatsapp
14169,apple
14170,apple
14171,messenger
14172,samsung
14173,facebook
14174,apple
14175,samsung
14176,samsung
14177,samsung
14178,whatsapp
14179,google
14180,whatsapp
14181,samsung
14182,samsung
14183,whatsapp
14184,samsung
14185,whatsapp
14186,apple
14187,samsung
14188,facebook
14189,apple
14190,samsung
14191,apple
14192,whatsapp
14193,apple
14194,facebook
14195,samsung
14196,samsung
14197,messenger
14198,samsung
14199,mozilla
14200,facebook
14201,samsung
14202,whatsapp
14203,samsung
14204,samsung
14205,google
14206,apple
14207,facebook
14208,samsung
14209,apple
14210,apple
14211,apple
14212,apple
14213,facebook
14214,google
14215,google
14216,samsung
14217,samsung
14218,whatsapp
14219,google
14220,apple
14221,whatsapp
14222,samsung
14223,apple
14224,google
14225,samsung
14226,samsung
14227,apple
14228,samsung
14229,apple
14230,google
14231,facebook
14232,facebook
14233,google
14234,apple
14235,samsung
14236,whatsapp
14237,whatsapp
14238,samsung
14239,mozilla
14240,facebook
14241,samsung
14242,samsung
14243,whatsapp
14244,mozilla
14245,samsung
14246,samsung
14247,samsung
14248,whatsapp
14249,whatsapp
14250,facebook
14251,facebook
14252,google
14253,samsung
14254,apple
14255,facebook
14256,samsung
14257,facebook
14258,apple
14259,facebook
14260,google
14261,samsung
14262,google
14263,samsung
14264,samsung
14265,facebook
14266,google
14267,apple
14268,whatsapp
14269,whatsapp
14270,samsung
14271,facebook
14272,whatsapp
14273,facebook
14274,google
14275,samsung
14276,messenger
14277,facebook
14278,whatsapp
14279,apple
14280,google
14281,google
14282,google
14283,mozilla
14284,facebook
14285,mozilla
14286,google
14287,whatsapp
14288,apple
14289,samsung
14290,whatsapp
14291,samsung
14292,google
14293,facebook
14294,facebook
14295,google
14296,samsung
14297,whatsapp
14298,facebook
14299,apple
14300,google
14301,apple
14302,samsung
14303,messenger
14304,mozilla
14305,facebook
14306,samsung
14307,apple
14308,facebook
14309,apple
14310,google
14311,google
14312,facebook
14313,samsung
14314,google
14315,samsung
14316,mozilla
14317,mozilla
14318,google
14319,whatsapp
14320,apple
14321,google
14322,google
14323,whatsapp
14324,mozilla
14325,samsung
14326,google
14327,whatsapp
14328,samsung
14329,google
14330,apple
14331,apple
14332,facebook
14333,samsung
14334,samsung
14335,apple
14336,mozilla
14337,whatsapp
14338,facebook
14339,apple
14340,apple
14341,facebook
14342,apple
14343,google
14344,samsung
14345,samsung
14346,samsung
14347,whatsapp
14348,whatsapp
14349,apple
14350,google
14351,whatsapp
14352,apple
14353,google
14354,apple
14355,google
14356,samsung
14357,apple
14358,samsung
14359,google
14360,samsung
14361,apple
14362,samsung
14363,google
14364,whatsapp
14365,samsung
14366,whatsapp
14367,whatsapp
14368,whatsapp
14369,facebook
14370,whatsapp
14371,whatsapp
14372,samsung
14373,google
14374,whatsapp
14375,samsung
14376,facebook
14377,whatsapp
14378,google
14379,google
14380,apple
14381,mozilla
14382,google
14383,google
14384,google
14385,google
14386,google
14387,facebook
14388,whatsapp
14389,google
14390,apple
14391,google
14392,google
14393,samsung
14394,google
14395,facebook
14396,whatsapp
14397,google
14398,whatsapp
14399,samsung
14400,samsung
14401,messenger
14402,whatsapp
14403,google
14404,messenger
14405,apple
14406,google
14407,facebook
14408,facebook
14409,facebook
14410,samsung
14411,samsung
14412,whatsapp
14413,samsung
14414,apple
14415,messenger
14416,google
14417,samsung
14418,samsung
14419,google
14420,mozilla
14421,google
14422,apple
14423,google
14424,samsung
14425,messenger
14426,whatsapp
14427,facebook
14428,google
14429,google
14430,facebook
14431,apple
14432,samsung
14433,apple
14434,google
14435,google
14436,google
14437,apple
14438,whatsapp
14439,facebook
14440,google
14441,google
14442,google
14443,google
14444,messenger
14445,apple
14446,mozilla
14447,apple
14448,mozilla
14449,apple
14450,whatsapp
14451,apple
14452,facebook
14453,google
14454,google
14455,facebook
14456,mozilla
14457,whatsapp
14458,messenger
14459,samsung
14460,samsung
14461,whatsapp
14462,whatsapp
14463,whatsapp
14464,apple
14465,google
14466,apple
14467,apple
14468,whatsapp
14469,whatsapp
14470,apple
14471,messenger
14472,messenger
14473,apple
14474,samsung
14475,facebook
14476,google
14477,samsung
14478,facebook
14479,samsung
14480,apple
14481,samsung
14482,apple
14483,facebook
14484,whatsapp
14485,messenger
14486,google
14487,facebook
14488,whatsapp
14489,google
14490,apple
14491,apple
14492,google
14493,whatsapp
14494,whatsapp
14495,samsung
14496,samsung
14497,google
14498,google
14499,samsung
14500,samsung
14501,whatsapp
14502,google
14503,google
14504,mozilla
14505,apple
14506,apple
14507,google
14508,samsung
14509,samsung
14510,google
14511,apple
14512,samsung
14513,messenger
14514,whatsapp
14515,whatsapp
14516,facebook
14517,mozilla
14518,google
14519,facebook
14520,facebook
14521,google
14522,google
14523,samsung
14524,whatsapp
14525,apple
14526,facebook
14527,google
14528,mozilla
14529,apple
14530,apple
14531,google
14532,facebook
14533,apple
14534,samsung
14535,whatsapp
14536,facebook
14537,apple
14538,google
14539,google
14540,messenger
14541,apple
14542,samsung
14543,apple
14544,google
14545,whatsapp
14546,apple
14547,whatsapp
14548,facebook
14549,samsung
14550,facebook
14551,messenger
14552,apple
14553,whatsapp
14554,mozilla
14555,google
14556,samsung
14557,samsung
14558,facebook
14559,samsung
14560,apple
14561,samsung
14562,facebook
14563,facebook
14564,apple
14565,whatsapp
14566,google
14567,whatsapp
14568,google
14569,facebook
14570,facebook
14571,apple
14572,apple
14573,apple
14574,google
14575,messenger
14576,whatsapp
14577,mozilla
14578,samsung
14579,whatsapp
14580,apple
14581,whatsapp
14582,google
14583,samsung
14584,google
14585,facebook
14586,apple
14587,apple
14588,google
14589,google
14590,google
14591,apple
14592,facebook
14593,apple
14594,whatsapp
14595,google
14596,whatsapp
14597,whatsapp
14598,facebook
14599,apple
14600,google
14601,whatsapp
14602,whatsapp
14603,whatsapp
14604,facebook
14605,apple
14606,whatsapp
14607,whatsapp
14608,apple
14609,samsung
14610,messenger
14611,samsung
14612,google
14613,google
14614,google
14615,facebook
14616,whatsapp
14617,google
14618,messenger
14619,apple
14620,google
14621,whatsapp
14622,samsung
14623,whatsapp
14624,google
14625,mozilla
14626,samsung
14627,samsung
14628,google
14629,mozilla
14630,facebook
14631,samsung
14632,apple
14633,samsung
14634,whatsapp
14635,whatsapp
14636,samsung
14637,facebook
14638,apple
14639,google
14640,apple
14641,mozilla
14642,google
14643,google
14644,apple
14645,google
14646,facebook
14647,whatsapp
14648,apple
14649,google
14650,whatsapp
14651,google
14652,google
14653,messenger
14654,google
14655,apple
14656,whatsapp
14657,facebook
14658,facebook
14659,google
14660,google
14661,samsung
14662,samsung
14663,messenger
14664,whatsapp
14665,whatsapp
14666,facebook
14667,apple
14668,google
14669,google
14670,google
14671,apple
14672,apple
14673,google
14674,whatsapp
14675,mozilla
14676,whatsapp
14677,whatsapp
14678,apple
14679,samsung
14680,samsung
14681,samsung
14682,facebook
14683,messenger
14684,google
14685,samsung
14686,google
14687,facebook
14688,google
14689,google
14690,google
14691,google
14692,google
14693,samsung
14694,apple
14695,messenger
14696,samsung
14697,whatsapp
14698,apple
14699,mozilla
14700,whatsapp
14701,apple
14702,whatsapp
14703,facebook
14704,messenger
14705,apple
14706,whatsapp
14707,whatsapp
14708,messenger
14709,google
14710,mozilla
14711,google
14712,google
14713,samsung
14714,messenger
14715,messenger
14716,whatsapp
14717,samsung
14718,google
14719,apple
14720,samsung
14721,google
14722,facebook
14723,facebook
14724,whatsapp
14725,google
14726,facebook
14727,messenger
14728,samsung
14729,apple
14730,facebook
14731,google
14732,apple
14733,samsung
14734,facebook
14735,whatsapp
14736,samsung
14737,apple
14738,google
14739,samsung
14740,facebook
14741,whatsapp
14742,mozilla
14743,messenger
14744,apple
14745,google
14746,google
14747,google
14748,google
14749,google
14750,apple
14751,whatsapp
14752,mozilla
14753,whatsapp
14754,whatsapp
14755,google
14756,apple
14757,apple
14758,apple
14759,whatsapp
14760,google
14761,mozilla
14762,messenger
14763,google
14764,google
14765,samsung
14766,samsung
14767,apple
14768,google
14769,whatsapp
14770,apple
14771,google
14772,facebook
14773,whatsapp
14774,apple
14775,samsung
14776,google
14777,whatsapp
14778,samsung
14779,google
14780,apple
14781,whatsapp
14782,google
14783,samsung
14784,whatsapp
14785,facebook
14786,google
14787,mozilla
14788,mozilla
14789,messenger
14790,google
14791,samsung
14792,mozilla
14793,apple
14794,facebook
14795,google
14796,whatsapp
14797,apple
14798,whatsapp
14799,samsung
14800,mozilla
14801,whatsapp
14802,whatsapp
14803,apple
14804,samsung
14805,facebook
14806,samsung
14807,whatsapp
14808,whatsapp
14809,facebook
14810,google
14811,whatsapp
14812,whatsapp
14813,whatsapp
14814,whatsapp
14815,samsung
14816,google
14817,google
14818,google
14819,whatsapp
14820,samsung
14821,google
14822,whatsapp
14823,mozilla
14824,facebook
14825,messenger
14826,apple
14827,samsung
14828,facebook
14829,apple
14830,samsung
14831,google
14832,google
14833,facebook
14834,apple
14835,whatsapp
14836,messenger
14837,facebook
14838,samsung
14839,facebook
14840,whatsapp
14841,facebook
14842,apple
14843,whatsapp
14844,apple
14845,google
14846,mozilla
14847,facebook
14848,whatsapp
14849,google
14850,apple
14851,facebook
14852,apple
14853,apple
14854,facebook
14855,whatsapp
14856,samsung
14857,google
14858,apple
14859,whatsapp
14860,whatsapp
14861,apple
14862,whatsapp
14863,facebook
14864,whatsapp
14865,facebook
14866,apple
14867,google
14868,apple
14869,samsung
14870,mozilla
14871,facebook
14872,samsung
14873,messenger
14874,whatsapp
14875,mozilla
14876,apple
14877,apple
14878,apple
14879,google
14880,messenger
14881,messenger
14882,samsung
14883,facebook
14884,samsung
14885,mozilla
14886,apple
14887,google
14888,samsung
14889,whatsapp
14890,google
14891,apple
14892,facebook
14893,google
14894,apple
14895,facebook
14896,samsung
14897,google
14898,samsung
14899,apple
14900,apple
14901,google
14902,facebook
14903,facebook
14904,google
14905,samsung
14906,whatsapp
14907,apple
14908,whatsapp
14909,whatsapp
14910,apple
14911,whatsapp
14912,google
14913,google
14914,google
14915,apple
14916,samsung
14917,apple
14918,samsung
14919,google
14920,whatsapp
14921,facebook
14922,facebook
14923,apple
14924,messenger
14925,google
14926,messenger
14927,google
14928,apple
14929,apple
14930,whatsapp
14931,messenger
14932,apple
14933,messenger
14934,google
14935,google
14936,mozilla
14937,messenger
14938,google
14939,messenger
14940,facebook
14941,apple
14942,mozilla
14943,apple
14944,apple
14945,samsung
14946,whatsapp
14947,samsung
14948,google
14949,apple
14950,apple
14951,whatsapp
14952,samsung
14953,facebook
14954,whatsapp
14955,samsung
14956,facebook
14957,apple
14958,samsung
14959,mozilla
14960,facebook
14961,whatsapp
14962,facebook
14963,whatsapp
14964,samsung
14965,apple
14966,google
14967,samsung
14968,facebook
14969,messenger
14970,google
14971,mozilla
14972,apple
14973,google
14974,google
14975,apple
14976,google
14977,samsung
14978,facebook
14979,mozilla
14980,apple
14981,facebook
14982,facebook
14983,google
14984,facebook
14985,samsung
14986,google
14987,facebook
14988,whatsapp
14989,apple
14990,mozilla
14991,mozilla
14992,google
14993,mozilla
14994,facebook
14995,apple
14996,apple
14997,samsung
14998,whatsapp
14999,google
15000,google
15001,facebook
15002,apple
15003,mozilla
15004,facebook
15005,apple
15006,apple
15007,samsung
15008,apple
15009,facebook
15010,apple
15011,mozilla
15012,apple
15013,apple
15014,samsung
15015,apple
15016,google
15017,google
15018,facebook
15019,samsung
15020,apple
15021,apple
15022,facebook
15023,google
15024,facebook
15025,apple
15026,facebook
15027,whatsapp
15028,google
15029,messenger
15030,mozilla
15031,apple
15032,google
15033,google
15034,google
15035,apple
15036,google
15037,apple
15038,facebook
15039,whatsapp
15040,google
15041,apple
15042,google
15043,whatsapp
15044,apple
15045,samsung
15046,samsung
15047,messenger
15048,samsung
15049,mozilla
15050,google
15051,facebook
15052,samsung
15053,samsung
15054,whatsapp
15055,mozilla
15056,samsung
15057,apple
15058,google
15059,samsung
15060,google
15061,messenger
15062,facebook
15063,google
15064,mozilla
15065,samsung
15066,samsung
15067,google
15068,samsung
15069,messenger
15070,google
15071,google
15072,whatsapp
15073,apple
15074,samsung
15075,samsung
15076,whatsapp
15077,samsung
15078,whatsapp
15079,mozilla
15080,samsung
15081,whatsapp
15082,facebook
15083,messenger
15084,apple
15085,apple
15086,samsung
15087,facebook
15088,messenger
15089,samsung
15090,google
15091,apple
15092,whatsapp
15093,facebook
15094,google
15095,whatsapp
15096,facebook
15097,apple
15098,whatsapp
15099,whatsapp
15100,whatsapp
15101,apple
15102,whatsapp
15103,whatsapp
15104,samsung
15105,messenger
15106,facebook
15107,facebook
15108,apple
15109,whatsapp
15110,google
15111,whatsapp
15112,apple
15113,facebook
15114,messenger
15115,mozilla
15116,apple
15117,apple
15118,apple
15119,samsung
15120,samsung
15121,apple
15122,apple
15123,samsung
15124,whatsapp
15125,google
15126,samsung
15127,google
15128,whatsapp
15129,samsung
15130,facebook
15131,google
15132,apple
15133,whatsapp
15134,whatsapp
15135,whatsapp
15136,whatsapp
15137,samsung
15138,facebook
15139,samsung
15140,samsung
15141,facebook
15142,samsung
15143,whatsapp
15144,google
15145,apple
15146,google
15147,samsung
15148,facebook
15149,whatsapp
15150,samsung
15151,samsung
15152,samsung
15153,google
15154,apple
15155,google
15156,apple
15157,apple
15158,google
15159,samsung
15160,samsung
15161,google
15162,mozilla
15163,facebook
15164,facebook
15165,google
15166,messenger
15167,apple
15168,whatsapp
15169,whatsapp
15170,whatsapp
15171,apple
15172,apple
15173,google
15174,facebook
15175,google
15176,mozilla
15177,samsung
15178,google
15179,apple
15180,samsung
15181,facebook
15182,google
15183,samsung
15184,google
15185,messenger
15186,whatsapp
15187,whatsapp
15188,samsung
15189,google
15190,samsung
15191,whatsapp
15192,facebook
15193,samsung
15194,whatsapp
15195,messenger
15196,facebook
15197,google
15198,google
15199,messenger
15200,messenger
15201,whatsapp
15202,messenger
15203,samsung
15204,whatsapp
15205,samsung
15206,facebook
15207,facebook
15208,samsung
15209,google
15210,samsung
15211,whatsapp
15212,google
15213,facebook
15214,messenger
15215,messenger
15216,whatsapp
15217,google
15218,mozilla
15219,apple
15220,facebook
15221,samsung
15222,apple
15223,samsung
15224,apple
15225,google
15226,whatsapp
15227,mozilla
15228,whatsapp
15229,apple
15230,google
15231,whatsapp
15232,apple
15233,whatsapp
15234,samsung
15235,facebook
15236,mozilla
15237,messenger
15238,facebook
15239,google
15240,apple
15241,samsung
15242,samsung
15243,whatsapp
15244,messenger
15245,facebook
15246,google
15247,apple
15248,whatsapp
15249,samsung
15250,facebook
15251,google
15252,whatsapp
15253,messenger
15254,mozilla
15255,facebook
15256,google
15257,apple
15258,google
15259,whatsapp
15260,messenger
15261,samsung
15262,whatsapp
15263,google
15264,messenger
15265,whatsapp
15266,samsung
15267,google
15268,google
15269,samsung
15270,apple
15271,messenger
15272,samsung
15273,facebook
15274,google
15275,whatsapp
15276,mozilla
15277,google
15278,google
15279,facebook
15280,mozilla
15281,facebook
15282,whatsapp
15283,google
15284,samsung
15285,apple
15286,whatsapp
15287,apple
15288,messenger
15289,apple
15290,apple
15291,apple
15292,samsung
15293,google
15294,whatsapp
15295,apple
15296,google
15297,whatsapp
15298,whatsapp
15299,samsung
15300,samsung
15301,apple
15302,google
15303,whatsapp
15304,whatsapp
15305,samsung
15306,messenger
15307,samsung
15308,mozilla
15309,samsung
15310,samsung
15311,whatsapp
15312,apple
15313,samsung
15314,samsung
15315,google
15316,apple
15317,whatsapp
15318,samsung
15319,facebook
15320,mozilla
15321,google
15322,facebook
15323,mozilla
15324,samsung
15325,whatsapp
15326,google
15327,apple
15328,samsung
15329,facebook
15330,samsung
15331,messenger
15332,google
15333,messenger
15334,facebook
15335,google
15336,apple
15337,samsung
15338,whatsapp
15339,whatsapp
15340,google
15341,samsung
15342,whatsapp
15343,google
15344,whatsapp
15345,apple
15346,google
15347,apple
15348,samsung
15349,mozilla
15350,google
15351,facebook
15352,google
15353,whatsapp
15354,google
15355,whatsapp
15356,whatsapp
15357,whatsapp
15358,whatsapp
15359,google
15360,google
15361,samsung
15362,facebook
15363,google
15364,whatsapp
15365,whatsapp
15366,whatsapp
15367,facebook
15368,mozilla
15369,google
15370,apple
15371,mozilla
15372,apple
15373,apple
15374,google
15375,whatsapp
15376,samsung
15377,google
15378,samsung
15379,whatsapp
15380,mozilla
15381,facebook
15382,samsung
15383,whatsapp
15384,apple
15385,apple
15386,facebook
15387,mozilla
15388,google
15389,google
15390,facebook
15391,google
15392,google
15393,whatsapp
15394,samsung
15395,whatsapp
15396,samsung
15397,facebook
15398,samsung
15399,apple
15400,whatsapp
15401,google
15402,apple
15403,whatsapp
15404,google
15405,apple
15406,samsung
15407,apple
15408,samsung
15409,apple
15410,messenger
15411,samsung
15412,google
15413,samsung
15414,google
15415,samsung
15416,apple
15417,whatsapp
15418,samsung
15419,apple
15420,facebook
15421,google
15422,apple
15423,whatsapp
15424,apple
15425,whatsapp
15426,apple
15427,whatsapp
15428,facebook
15429,whatsapp
15430,whatsapp
15431,whatsapp
15432,samsung
15433,whatsapp
15434,google
15435,whatsapp
15436,samsung
15437,whatsapp
15438,samsung
15439,apple
15440,messenger
15441,mozilla
15442,facebook
15443,whatsapp
15444,samsung
15445,facebook
15446,whatsapp
15447,whatsapp
15448,google
15449,google
15450,google
15451,apple
15452,samsung
15453,facebook
15454,whatsapp
15455,google
15456,mozilla
15457,mozilla
15458,whatsapp
15459,whatsapp
15460,apple
15461,google
15462,mozilla
15463,samsung
15464,google
15465,google
15466,whatsapp
15467,apple
15468,whatsapp
15469,messenger
15470,whatsapp
15471,google
15472,whatsapp
15473,apple
15474,mozilla
15475,facebook
15476,samsung
15477,facebook
15478,whatsapp
15479,samsung
15480,google
15481,samsung
15482,google
15483,apple
15484,samsung
15485,apple
15486,apple
15487,whatsapp
15488,messenger
15489,messenger
15490,samsung
15491,samsung
15492,google
15493,apple
15494,apple
15495,facebook
15496,apple
15497,messenger
15498,samsung
15499,google
15500,google
15501,google
15502,facebook
15503,mozilla
15504,samsung
15505,google
15506,mozilla
15507,apple
15508,samsung
15509,whatsapp
15510,google
15511,messenger
15512,google
15513,facebook
15514,google
15515,apple
15516,samsung
15517,facebook
15518,whatsapp
15519,whatsapp
15520,samsung
15521,samsung
15522,facebook
15523,facebook
15524,facebook
15525,samsung
15526,messenger
15527,whatsapp
15528,google
15529,whatsapp
15530,facebook
15531,samsung
15532,apple
15533,messenger
15534,google
15535,whatsapp
15536,whatsapp
15537,samsung
15538,whatsapp
15539,messenger
15540,google
15541,apple
15542,mozilla
15543,apple
15544,whatsapp
15545,whatsapp
15546,apple
15547,mozilla
15548,apple
15549,samsung
15550,google
15551,samsung
15552,samsung
15553,whatsapp
15554,samsung
15555,google
15556,samsung
15557,messenger
15558,apple
15559,samsung
15560,whatsapp
15561,google
15562,whatsapp
15563,samsung
15564,google
15565,messenger
15566,google
15567,google
15568,apple
15569,apple
15570,google
15571,whatsapp
15572,whatsapp
15573,samsung
15574,google
15575,messenger
15576,samsung
15577,apple
15578,google
15579,google
15580,google
15581,apple
15582,samsung
15583,google
15584,mozilla
15585,google
15586,apple
15587,facebook
15588,facebook
15589,whatsapp
15590,samsung
15591,apple
15592,apple
15593,whatsapp
15594,apple
15595,facebook
15596,samsung
15597,facebook
15598,apple
15599,whatsapp
15600,whatsapp
15601,whatsapp
15602,google
15603,facebook
15604,google
15605,google
15606,google
15607,facebook
15608,google
15609,mozilla
15610,apple
15611,google
15612,facebook
15613,samsung
15614,samsung
15615,mozilla
15616,facebook
15617,facebook
15618,whatsapp
15619,facebook
15620,facebook
15621,mozilla
15622,google
15623,facebook
15624,mozilla
15625,google
15626,apple
15627,google
15628,apple
15629,whatsapp
15630,apple
15631,whatsapp
15632,google
15633,apple
15634,whatsapp
15635,google
15636,google
15637,apple
15638,whatsapp
15639,whatsapp
15640,facebook
15641,apple
15642,samsung
15643,facebook
15644,google
15645,apple
15646,whatsapp
15647,facebook
15648,samsung
15649,apple
15650,mozilla
15651,messenger
15652,samsung
15653,mozilla
15654,mozilla
15655,apple
15656,samsung
15657,samsung
15658,apple
15659,samsung
15660,mozilla
15661,whatsapp
15662,messenger
15663,apple
15664,whatsapp
15665,messenger
15666,mozilla
15667,samsung
15668,google
15669,samsung
15670,whatsapp
15671,mozilla
15672,whatsapp
15673,whatsapp
15674,google
15675,samsung
15676,apple
15677,apple
15678,samsung
15679,google
15680,facebook
15681,samsung
15682,samsung
15683,facebook
15684,messenger
15685,apple
15686,apple
15687,apple
15688,samsung
15689,mozilla
15690,facebook
15691,google
15692,samsung
15693,whatsapp
15694,facebook
15695,google
15696,whatsapp
15697,facebook
15698,messenger
15699,samsung
15700,google
15701,messenger
15702,samsung
15703,whatsapp
15704,mozilla
15705,apple
15706,google
15707,whatsapp
15708,mozilla
15709,apple
15710,google
15711,mozilla
15712,mozilla
15713,samsung
15714,facebook
15715,facebook
15716,apple
15717,samsung
15718,samsung
15719,whatsapp
15720,whatsapp
15721,apple
15722,samsung
15723,google
15724,whatsapp
15725,google
15726,google
15727,whatsapp
15728,apple
15729,apple
15730,samsung
15731,apple
15732,facebook
15733,whatsapp
15734,samsung
15735,apple
15736,samsung
15737,whatsapp
15738,whatsapp
15739,apple
15740,google
15741,google
15742,facebook
15743,whatsapp
15744,samsung
15745,mozilla
15746,google
15747,facebook
15748,apple
15749,samsung
15750,apple
15751,mozilla
15752,google
15753,whatsapp
15754,mozilla
15755,mozilla
15756,samsung
15757,mozilla
15758,apple
15759,facebook
15760,google
15761,google
15762,whatsapp
15763,facebook
15764,messenger
15765,mozilla
15766,facebook
15767,apple
15768,samsung
15769,messenger
15770,apple
15771,apple
15772,samsung
15773,google
15774,google
15775,google
15776,google
15777,facebook
15778,google
15779,mozilla
15780,facebook
15781,facebook
15782,samsung
15783,google
15784,samsung
15785,apple
15786,google
15787,apple
15788,whatsapp
15789,apple
15790,mozilla
15791,google
15792,whatsapp
15793,facebook
15794,messenger
15795,whatsapp
15796,google
15797,facebook
15798,whatsapp
15799,facebook
15800,whatsapp
15801,whatsapp
15802,whatsapp
15803,google
15804,samsung
15805,samsung
15806,samsung
15807,samsung
15808,facebook
15809,samsung
15810,whatsapp
15811,apple
15812,apple
15813,facebook
15814,apple
15815,facebook
15816,apple
15817,whatsapp
15818,messenger
15819,samsung
15820,whatsapp
15821,samsung
15822,messenger
15823,whatsapp
15824,apple
15825,messenger
15826,samsung
15827,apple
15828,whatsapp
15829,messenger
15830,apple
15831,facebook
15832,whatsapp
15833,apple
15834,google
15835,google
15836,google
15837,whatsapp
15838,whatsapp
15839,google
15840,facebook
15841,facebook
15842,google
15843,google
15844,mozilla
15845,samsung
15846,samsung
15847,samsung
15848,apple
15849,apple
15850,facebook
15851,samsung
15852,whatsapp
15853,whatsapp
15854,samsung
15855,facebook
15856,facebook
15857,whatsapp
15858,facebook
15859,whatsapp
15860,google
15861,mozilla
15862,apple
15863,mozilla
15864,apple
15865,whatsapp
15866,samsung
15867,apple
15868,samsung
15869,samsung
15870,facebook
15871,facebook
15872,mozilla
15873,mozilla
15874,facebook
15875,google
15876,google
15877,apple
15878,facebook
15879,mozilla
15880,google
15881,mozilla
15882,facebook
15883,samsung
15884,facebook
15885,google
15886,apple
15887,apple
15888,apple
15889,apple
15890,whatsapp
15891,google
15892,apple
15893,samsung
15894,mozilla
15895,google
15896,whatsapp
15897,whatsapp
15898,facebook
15899,facebook
15900,facebook
15901,apple
15902,apple
15903,apple
15904,samsung
15905,google
15906,google
15907,apple
15908,google
15909,samsung
15910,apple
15911,whatsapp
15912,whatsapp
15913,google
15914,apple
15915,google
15916,google
15917,google
15918,whatsapp
15919,messenger
15920,samsung
15921,samsung
15922,apple
15923,whatsapp
15924,apple
15925,facebook
15926,whatsapp
15927,apple
15928,google
15929,apple
15930,google
15931,mozilla
15932,mozilla
15933,apple
15934,messenger
15935,facebook
15936,facebook
15937,mozilla
15938,samsung
15939,facebook
15940,messenger
15941,apple
15942,whatsapp
15943,whatsapp
15944,google
15945,facebook
15946,apple
15947,facebook
15948,apple
15949,apple
15950,google
15951,google
15952,facebook
15953,apple
15954,mozilla
15955,samsung
15956,google
15957,samsung
15958,samsung
15959,samsung
15960,facebook
15961,facebook
15962,samsung
15963,whatsapp
15964,google
15965,apple
15966,apple
15967,samsung
15968,messenger
15969,whatsapp
15970,google
15971,apple
15972,whatsapp
15973,whatsapp
15974,samsung
15975,apple
15976,apple
15977,apple
15978,google
15979,google
15980,samsung
15981,facebook
15982,facebook
15983,facebook
15984,whatsapp
15985,apple
15986,apple
15987,mozilla
15988,google
15989,facebook
15990,whatsapp
15991,google
15992,samsung
15993,facebook
15994,whatsapp
15995,facebook
15996,apple
15997,mozilla
15998,whatsapp
15999,apple
16000,samsung
16001,samsung
16002,apple
16003,samsung
16004,samsung
16005,apple
16006,whatsapp
16007,messenger
16008,messenger
16009,whatsapp
16010,facebook
16011,whatsapp
16012,whatsapp
16013,google
16014,samsung
16015,samsung
16016,mozilla
16017,samsung
16018,google
16019,apple
16020,apple
16021,samsung
16022,samsung
16023,apple
16024,samsung
16025,whatsapp
16026,facebook
16027,apple
16028,apple
16029,samsung
16030,samsung
16031,whatsapp
16032,apple
16033,facebook
16034,facebook
16035,facebook
16036,apple
16037,facebook
16038,apple
16039,facebook
16040,samsung
16041,apple
16042,samsung
16043,facebook
16044,google
16045,google
16046,mozilla
16047,apple
16048,whatsapp
16049,facebook
16050,apple
16051,mozilla
16052,apple
16053,messenger
16054,mozilla
16055,google
16056,facebook
16057,samsung
16058,whatsapp
16059,samsung
16060,samsung
16061,apple
16062,samsung
16063,facebook
16064,samsung
16065,google
16066,whatsapp
16067,samsung
16068,whatsapp
16069,apple
16070,whatsapp
16071,google
16072,samsung
16073,google
16074,google
16075,facebook
16076,samsung
16077,messenger
16078,whatsapp
16079,facebook
16080,apple
16081,google
16082,whatsapp
16083,samsung
16084,facebook
16085,mozilla
16086,google
16087,apple
16088,samsung
16089,google
16090,whatsapp
16091,samsung
16092,messenger
16093,whatsapp
16094,facebook
16095,samsung
16096,facebook
16097,google
16098,facebook
16099,mozilla
16100,facebook
16101,apple
16102,google
16103,mozilla
16104,samsung
16105,google
16106,apple
16107,whatsapp
16108,apple
16109,mozilla
16110,whatsapp
16111,messenger
16112,google
16113,messenger
16114,apple
16115,whatsapp
16116,whatsapp
16117,samsung
16118,whatsapp
16119,samsung
16120,samsung
16121,whatsapp
16122,google
16123,samsung
16124,messenger
16125,facebook
16126,apple
16127,whatsapp
16128,google
16129,apple
16130,google
16131,google
16132,google
16133,facebook
16134,facebook
16135,google
16136,whatsapp
16137,apple
16138,google
16139,whatsapp
16140,google
16141,apple
16142,samsung
16143,samsung
16144,facebook
16145,samsung
16146,mozilla
16147,facebook
16148,mozilla
16149,facebook
16150,facebook
16151,apple
16152,google
16153,apple
16154,google
16155,apple
16156,apple
16157,samsung
16158,samsung
16159,messenger
16160,apple
16161,facebook
16162,mozilla
16163,samsung
16164,apple
16165,messenger
16166,facebook
16167,samsung
16168,samsung
16169,samsung
16170,facebook
16171,samsung
16172,samsung
16173,facebook
16174,facebook
16175,whatsapp
16176,google
16177,facebook
16178,apple
16179,apple
16180,whatsapp
16181,apple
16182,apple
16183,messenger
16184,samsung
16185,samsung
16186,google
16187,samsung
16188,samsung
16189,samsung
16190,apple
16191,samsung
16192,samsung
16193,apple
16194,whatsapp
16195,whatsapp
16196,mozilla
16197,google
16198,whatsapp
16199,google
16200,google
16201,apple
16202,facebook
16203,facebook
16204,whatsapp
16205,apple
16206,apple
16207,samsung
16208,facebook
16209,whatsapp
16210,whatsapp
16211,google
16212,google
16213,google
16214,whatsapp
16215,whatsapp
16216,whatsapp
16217,samsung
16218,messenger
16219,google
16220,samsung
16221,whatsapp
16222,messenger
16223,google
16224,samsung
16225,facebook
16226,google
16227,facebook
16228,facebook
16229,google
16230,whatsapp
16231,google
16232,facebook
16233,apple
16234,apple
16235,whatsapp
16236,whatsapp
16237,google
16238,whatsapp
16239,samsung
16240,facebook
16241,whatsapp
16242,facebook
16243,samsung
16244,google
16245,apple
16246,samsung
16247,samsung
16248,whatsapp
16249,apple
16250,samsung
16251,messenger
16252,google
16253,samsung
16254,messenger
16255,samsung
16256,mozilla
16257,whatsapp
16258,apple
16259,apple
16260,facebook
16261,google
16262,samsung
16263,google
16264,apple
16265,whatsapp
16266,google
16267,samsung
16268,samsung
16269,mozilla
16270,google
16271,google
16272,mozilla
16273,google
16274,facebook
16275,messenger
16276,facebook
16277,whatsapp
16278,google
16279,google
16280,facebook
16281,samsung
16282,apple
16283,whatsapp
16284,google
16285,google
16286,samsung
16287,apple
16288,apple
16289,google
16290,facebook
16291,whatsapp
16292,google
16293,samsung
16294,google
16295,apple
16296,samsung
16297,samsung
16298,whatsapp
16299,google
16300,apple
16301,samsung
16302,samsung
16303,samsung
16304,google
16305,apple
16306,samsung
16307,google
16308,whatsapp
16309,whatsapp
16310,apple
16311,samsung
16312,messenger
16313,messenger
16314,apple
16315,whatsapp
16316,google
16317,samsung
16318,facebook
16319,samsung
16320,google
16321,messenger
16322,messenger
16323,messenger
16324,messenger
16325,apple
16326,whatsapp
16327,mozilla
16328,samsung
16329,apple
16330,mozilla
16331,messenger
16332,samsung
16333,google
16334,mozilla
16335,mozilla
16336,google
16337,whatsapp
16338,facebook
16339,samsung
16340,samsung
16341,samsung
16342,apple
16343,whatsapp
16344,whatsapp
16345,google
16346,messenger
16347,samsung
16348,google
16349,samsung
16350,facebook
16351,whatsapp
16352,messenger
16353,facebook
16354,whatsapp
16355,apple
16356,whatsapp
16357,samsung
16358,samsung
16359,samsung
16360,whatsapp
16361,whatsapp
16362,facebook
16363,samsung
16364,google
16365,apple
16366,apple
16367,mozilla
16368,whatsapp
16369,samsung
16370,apple
16371,samsung
16372,facebook
16373,facebook
16374,apple
16375,samsung
16376,whatsapp
16377,google
16378,apple
16379,facebook
16380,whatsapp
16381,facebook
16382,apple
16383,samsung
16384,messenger
16385,apple
16386,apple
16387,google
16388,whatsapp
16389,apple
16390,google
16391,apple
16392,google
16393,facebook
16394,google
16395,messenger
16396,mozilla
16397,samsung
16398,apple
16399,samsung
16400,apple
16401,messenger
16402,apple
16403,apple
16404,whatsapp
16405,google
16406,whatsapp
16407,samsung
16408,facebook
16409,facebook
16410,samsung
16411,samsung
16412,google
16413,facebook
16414,facebook
16415,google
16416,whatsapp
16417,whatsapp
16418,mozilla
16419,mozilla
16420,mozilla
16421,apple
16422,samsung
16423,apple
16424,mozilla
16425,google
16426,google
16427,facebook
16428,mozilla
16429,apple
16430,google
16431,mozilla
16432,mozilla
16433,facebook
16434,whatsapp
16435,facebook
16436,google
16437,facebook
16438,mozilla
16439,facebook
16440,google
16441,apple
16442,facebook
16443,samsung
16444,apple
16445,messenger
16446,samsung
16447,facebook
16448,samsung
16449,whatsapp
16450,apple
16451,facebook
16452,google
16453,facebook
16454,whatsapp
16455,mozilla
16456,google
16457,whatsapp
16458,whatsapp
16459,google
16460,apple
16461,apple
16462,google
16463,samsung
16464,apple
16465,google
16466,apple
16467,samsung
16468,whatsapp
16469,whatsapp
16470,samsung
16471,facebook
16472,google
16473,facebook
16474,whatsapp
16475,facebook
16476,samsung
16477,mozilla
16478,facebook
16479,google
16480,facebook
16481,samsung
16482,google
16483,whatsapp
16484,google
16485,samsung
16486,google
16487,whatsapp
16488,google
16489,google
16490,facebook
16491,google
16492,facebook
16493,facebook
16494,apple
16495,apple
16496,samsung
16497,messenger
16498,apple
16499,whatsapp
16500,google
16501,samsung
16502,google
16503,samsung
16504,samsung
16505,whatsapp
16506,google
16507,google
16508,apple
16509,samsung
16510,mozilla
16511,google
16512,apple
16513,apple
16514,whatsapp
16515,facebook
16516,whatsapp
16517,apple
16518,facebook
16519,apple
16520,messenger
16521,samsung
16522,samsung
16523,apple
16524,whatsapp
16525,messenger
16526,whatsapp
16527,mozilla
16528,apple
16529,apple
16530,apple
16531,google
16532,mozilla
16533,whatsapp
16534,whatsapp
16535,facebook
16536,google
16537,google
16538,google
16539,mozilla
16540,apple
16541,apple
16542,google
16543,samsung
16544,samsung
16545,apple
16546,whatsapp
16547,samsung
16548,whatsapp
16549,google
16550,whatsapp
16551,messenger
16552,samsung
16553,apple
16554,apple
16555,messenger
16556,whatsapp
16557,apple
16558,messenger
16559,facebook
16560,facebook
16561,facebook
16562,google
16563,samsung
16564,samsung
16565,samsung
16566,whatsapp
16567,google
16568,mozilla
16569,samsung
16570,google
16571,whatsapp
16572,mozilla
16573,whatsapp
16574,facebook
16575,messenger
16576,facebook
16577,apple
16578,samsung
16579,samsung
16580,apple
16581,mozilla
16582,samsung
16583,facebook
16584,samsung
16585,google
16586,apple
16587,facebook
16588,facebook
16589,samsung
16590,messenger
16591,mozilla
16592,apple
16593,messenger
16594,facebook
16595,facebook
16596,mozilla
16597,whatsapp
16598,whatsapp
16599,apple
16600,whatsapp
16601,whatsapp
16602,messenger
16603,whatsapp
16604,facebook
16605,messenger
16606,apple
16607,google
16608,facebook
16609,whatsapp
16610,google
16611,samsung
16612,google
16613,whatsapp
16614,apple
16615,whatsapp
16616,apple
16617,google
16618,samsung
16619,google
16620,samsung
16621,apple
16622,apple
16623,google
16624,whatsapp
16625,facebook
16626,apple
16627,google
16628,google
16629,mozilla
16630,facebook
16631,apple
16632,google
16633,mozilla
16634,whatsapp
16635,google
16636,samsung
16637,apple
16638,whatsapp
16639,facebook
16640,apple
16641,whatsapp
16642,facebook
16643,apple
16644,whatsapp
16645,facebook
16646,google
16647,whatsapp
16648,google
16649,samsung
16650,messenger
16651,mozilla
16652,apple
16653,whatsapp
16654,google
16655,whatsapp
16656,samsung
16657,mozilla
16658,samsung
16659,google
16660,apple
16661,apple
16662,samsung
16663,whatsapp
16664,apple
16665,samsung
16666,google
16667,google
16668,mozilla
16669,samsung
16670,google
16671,whatsapp
16672,google
16673,google
16674,google
16675,apple
16676,google
16677,samsung
16678,samsung
16679,whatsapp
16680,samsung
16681,samsung
16682,samsung
16683,whatsapp
16684,facebook
16685,facebook
16686,apple
16687,whatsapp
16688,whatsapp
16689,whatsapp
16690,samsung
16691,samsung
16692,samsung
16693,facebook
16694,apple
16695,mozilla
16696,apple
16697,samsung
16698,whatsapp
16699,mozilla
16700,samsung
16701,google
16702,facebook
16703,samsung
16704,apple
16705,messenger
16706,samsung
16707,apple
16708,samsung
16709,google
16710,messenger
16711,whatsapp
16712,google
16713,apple
16714,facebook
16715,apple
16716,whatsapp
16717,google
16718,google
16719,whatsapp
16720,samsung
16721,whatsapp
16722,whatsapp
16723,apple
16724,samsung
16725,whatsapp
16726,apple
16727,samsung
16728,whatsapp
16729,samsung
16730,google
16731,whatsapp
16732,messenger
16733,apple
16734,samsung
16735,samsung
16736,samsung
16737,whatsapp
16738,mozilla
16739,apple
16740,whatsapp
16741,apple
16742,google
16743,samsung
16744,samsung
16745,messenger
16746,facebook
16747,facebook
16748,samsung
16749,facebook
16750,google
16751,whatsapp
16752,facebook
16753,messenger
16754,facebook
16755,apple
16756,facebook
16757,samsung
16758,messenger
16759,apple
16760,apple
16761,google
16762,apple
16763,samsung
16764,whatsapp
16765,apple
16766,mozilla
16767,google
16768,whatsapp
16769,samsung
16770,samsung
16771,facebook
16772,whatsapp
16773,samsung
16774,google
16775,mozilla
16776,whatsapp
16777,google
16778,facebook
16779,samsung
16780,apple
16781,facebook
16782,samsung
16783,google
16784,google
16785,google
16786,google
16787,facebook
16788,google
16789,samsung
16790,google
16791,samsung
16792,whatsapp
16793,facebook
16794,google
16795,google
16796,facebook
16797,apple
16798,samsung
16799,facebook
16800,google
16801,facebook
16802,facebook
16803,samsung
16804,samsung
16805,whatsapp
16806,messenger
16807,google
16808,google
16809,apple
16810,whatsapp
16811,samsung
16812,whatsapp
16813,samsung
16814,samsung
16815,facebook
16816,apple
16817,google
16818,messenger
16819,google
16820,apple
16821,whatsapp
16822,mozilla
16823,messenger
16824,facebook
16825,facebook
16826,samsung
16827,messenger
16828,apple
16829,apple
16830,whatsapp
16831,google
16832,messenger
16833,apple
16834,whatsapp
16835,facebook
16836,apple
16837,facebook
16838,whatsapp
16839,apple
16840,apple
16841,whatsapp
16842,samsung
16843,facebook
16844,google
16845,apple
16846,apple
16847,whatsapp
16848,facebook
16849,google
16850,whatsapp
16851,facebook
16852,google
16853,whatsapp
16854,apple
16855,whatsapp
16856,facebook
16857,whatsapp
16858,google
16859,samsung
16860,apple
16861,samsung
16862,apple
16863,apple
16864,whatsapp
16865,samsung
16866,apple
16867,facebook
16868,apple
16869,google
16870,samsung
16871,whatsapp
16872,google
16873,facebook
16874,apple
16875,facebook
16876,whatsapp
16877,whatsapp
16878,mozilla
16879,apple
16880,whatsapp
16881,facebook
16882,facebook
16883,samsung
16884,whatsapp
16885,apple
16886,apple
16887,whatsapp
16888,mozilla
16889,whatsapp
16890,apple
16891,mozilla
16892,samsung
16893,whatsapp
16894,facebook
16895,google
16896,samsung
16897,apple
16898,apple
16899,google
16900,facebook
16901,whatsapp
16902,apple
16903,apple
16904,samsung
16905,facebook
16906,whatsapp
16907,google
16908,apple
16909,google
16910,apple
16911,samsung
16912,samsung
16913,apple
16914,apple
16915,mozilla
16916,apple
16917,samsung
16918,samsung
16919,whatsapp
16920,apple
16921,samsung
16922,whatsapp
16923,messenger
16924,whatsapp
16925,whatsapp
16926,google
16927,google
16928,messenger
16929,mozilla
16930,apple
16931,mozilla
16932,messenger
16933,apple
16934,facebook
16935,whatsapp
16936,google
16937,whatsapp
16938,mozilla
16939,facebook
16940,google
16941,google
16942,whatsapp
16943,samsung
16944,whatsapp
16945,google
16946,messenger
16947,apple
16948,apple
16949,samsung
16950,whatsapp
16951,apple
16952,mozilla
16953,whatsapp
16954,mozilla
16955,samsung
16956,samsung
16957,apple
16958,apple
16959,samsung
16960,facebook
16961,google
16962,samsung
16963,whatsapp
16964,apple
16965,samsung
16966,samsung
16967,google
16968,whatsapp
16969,samsung
16970,messenger
16971,apple
16972,google
16973,facebook
16974,whatsapp
16975,google
16976,google
16977,whatsapp
16978,whatsapp
16979,apple
16980,messenger
16981,samsung
16982,facebook
16983,samsung
16984,google
16985,whatsapp
16986,google
16987,google
16988,samsung
16989,whatsapp
16990,samsung
16991,apple
16992,samsung
16993,mozilla
16994,facebook
16995,messenger
16996,facebook
16997,facebook
16998,samsung
16999,apple
17000,whatsapp
17001,facebook
17002,samsung
17003,facebook
17004,mozilla
17005,facebook
17006,whatsapp
17007,whatsapp
17008,google
17009,facebook
17010,whatsapp
17011,whatsapp
17012,google
17013,whatsapp
17014,google
17015,apple
17016,google
17017,whatsapp
17018,google
17019,mozilla
17020,google
17021,google
17022,google
17023,whatsapp
17024,apple
17025,samsung
17026,google
17027,facebook
17028,mozilla
17029,google
17030,mozilla
17031,mozilla
17032,facebook
17033,messenger
17034,samsung
17035,facebook
17036,samsung
17037,facebook
17038,apple
17039,whatsapp
17040,samsung
17041,facebook
17042,google
17043,google
17044,google
17045,facebook
17046,whatsapp
17047,apple
17048,apple
17049,apple
17050,google
17051,samsung
17052,apple
17053,google
17054,facebook
17055,samsung
17056,apple
17057,mozilla
17058,whatsapp
17059,facebook
17060,apple
17061,whatsapp
17062,apple
17063,facebook
17064,facebook
17065,google
17066,mozilla
17067,whatsapp
17068,facebook
17069,facebook
17070,apple
17071,google
17072,samsung
17073,mozilla
17074,apple
17075,facebook
17076,whatsapp
17077,messenger
17078,google
17079,mozilla
17080,apple
17081,facebook
17082,whatsapp
17083,google
17084,apple
17085,whatsapp
17086,samsung
17087,google
17088,whatsapp
17089,google
17090,samsung
17091,mozilla
17092,apple
17093,facebook
17094,mozilla
17095,samsung
17096,google
17097,apple
17098,facebook
17099,google
17100,whatsapp
17101,facebook
17102,facebook
17103,whatsapp
17104,messenger
17105,apple
17106,google
17107,apple
17108,apple
17109,samsung
17110,samsung
17111,google
17112,google
17113,samsung
17114,google
17115,samsung
17116,google
17117,whatsapp
17118,facebook
17119,google
17120,samsung
17121,google
17122,facebook
17123,samsung
17124,whatsapp
17125,apple
17126,whatsapp
17127,whatsapp
17128,mozilla
17129,facebook
17130,apple
17131,samsung
17132,samsung
17133,samsung
17134,facebook
17135,google
17136,apple
17137,facebook
17138,whatsapp
17139,facebook
17140,samsung
17141,apple
17142,samsung
17143,whatsapp
17144,whatsapp
17145,google
17146,google
17147,facebook
17148,google
17149,whatsapp
17150,whatsapp
17151,google
17152,apple
17153,google
17154,whatsapp
17155,facebook
17156,whatsapp
17157,apple
17158,google
17159,google
17160,apple
17161,whatsapp
17162,google
17163,apple
17164,facebook
17165,mozilla
17166,facebook
17167,apple
17168,samsung
17169,samsung
17170,mozilla
17171,samsung
17172,samsung
17173,samsung
17174,google
17175,samsung
17176,messenger
17177,google
17178,samsung
17179,google
17180,google
17181,google
17182,apple
17183,mozilla
17184,facebook
17185,whatsapp
17186,apple
17187,apple
17188,samsung
17189,apple
17190,whatsapp
17191,facebook
17192,samsung
17193,apple
17194,whatsapp
17195,apple
17196,apple
17197,google
17198,samsung
17199,apple
17200,apple
17201,apple
17202,whatsapp
17203,mozilla
17204,samsung
17205,facebook
17206,google
17207,messenger
17208,google
17209,whatsapp
17210,google
17211,google
17212,whatsapp
17213,facebook
17214,whatsapp
17215,samsung
17216,apple
17217,facebook
17218,samsung
17219,whatsapp
17220,messenger
17221,samsung
17222,samsung
17223,samsung
17224,apple
17225,samsung
17226,apple
17227,google
17228,google
17229,facebook
17230,samsung
17231,apple
17232,apple
17233,whatsapp
17234,messenger
17235,mozilla
17236,messenger
17237,apple
17238,samsung
17239,google
17240,google
17241,apple
17242,apple
17243,google
17244,google
17245,messenger
17246,apple
17247,apple
17248,google
17249,samsung
17250,whatsapp
17251,whatsapp
17252,google
17253,facebook
17254,whatsapp
17255,messenger
17256,apple
17257,whatsapp
17258,apple
17259,google
17260,google
17261,google
17262,google
17263,google
17264,google
17265,apple
17266,facebook
17267,apple
17268,google
17269,apple
17270,google
17271,apple
17272,messenger
17273,whatsapp
17274,facebook
17275,facebook
17276,whatsapp
17277,facebook
17278,facebook
17279,samsung
17280,messenger
17281,whatsapp
17282,apple
17283,google
17284,samsung
17285,facebook
17286,apple
17287,samsung
17288,google
17289,google
17290,samsung
17291,google
17292,whatsapp
17293,whatsapp
17294,whatsapp
17295,apple
17296,apple
17297,facebook
17298,whatsapp
17299,apple
17300,apple
17301,samsung
17302,facebook
17303,samsung
17304,google
17305,apple
17306,samsung
17307,google
17308,samsung
17309,facebook
17310,apple
17311,messenger
17312,samsung
17313,whatsapp
17314,facebook
17315,samsung
17316,apple
17317,google
17318,apple
17319,mozilla
17320,whatsapp
17321,apple
17322,samsung
17323,facebook
17324,whatsapp
17325,apple
17326,apple
17327,whatsapp
17328,whatsapp
17329,google
17330,samsung
17331,samsung
17332,facebook
17333,samsung
17334,mozilla
17335,samsung
17336,google
17337,whatsapp
17338,apple
17339,facebook
17340,samsung
17341,google
17342,facebook
17343,apple
17344,apple
17345,samsung
17346,whatsapp
17347,whatsapp
17348,whatsapp
17349,google
17350,apple
17351,google
17352,whatsapp
17353,samsung
17354,google
17355,messenger
17356,samsung
17357,mozilla
17358,samsung
17359,samsung
17360,apple
17361,facebook
17362,google
17363,apple
17364,apple
17365,apple
17366,facebook
17367,whatsapp
17368,whatsapp
17369,facebook
17370,samsung
17371,facebook
17372,whatsapp
17373,google
17374,mozilla
17375,samsung
17376,mozilla
17377,samsung
17378,google
17379,whatsapp
17380,apple
17381,facebook
17382,samsung
17383,facebook
17384,facebook
17385,messenger
17386,whatsapp
17387,whatsapp
17388,google
17389,facebook
17390,samsung
17391,google
17392,samsung
17393,google
17394,mozilla
17395,google
17396,facebook
17397,apple
17398,samsung
17399,facebook
17400,apple
17401,facebook
17402,samsung
17403,samsung
17404,apple
17405,apple
17406,samsung
17407,google
17408,google
17409,samsung
17410,google
17411,google
17412,whatsapp
17413,messenger
17414,messenger
17415,facebook
17416,apple
17417,whatsapp
17418,facebook
17419,google
17420,mozilla
17421,whatsapp
17422,mozilla
17423,apple
17424,apple
17425,apple
17426,apple
17427,google
17428,samsung
17429,google
17430,google
17431,google
17432,whatsapp
17433,facebook
17434,apple
17435,messenger
17436,samsung
17437,facebook
17438,google
17439,google
17440,mozilla
17441,google
17442,facebook
17443,whatsapp
17444,whatsapp
17445,apple
17446,apple
17447,mozilla
17448,messenger
17449,samsung
17450,samsung
17451,facebook
17452,whatsapp
17453,whatsapp
17454,apple
17455,mozilla
17456,facebook
17457,facebook
17458,facebook
17459,samsung
17460,mozilla
17461,mozilla
17462,apple
17463,apple
17464,apple
17465,google
17466,samsung
17467,facebook
17468,samsung
17469,google
17470,samsung
17471,whatsapp
17472,whatsapp
17473,facebook
17474,samsung
17475,apple
17476,apple
17477,google
17478,facebook
17479,facebook
17480,facebook
17481,apple
17482,facebook
17483,apple
17484,facebook
17485,google
17486,whatsapp
17487,samsung
17488,google
17489,whatsapp
17490,google
17491,facebook
17492,facebook
17493,samsung
17494,whatsapp
17495,facebook
17496,samsung
17497,facebook
17498,whatsapp
17499,whatsapp
17500,google
17501,apple
17502,whatsapp
17503,apple
17504,samsung
17505,whatsapp
17506,google
17507,apple
17508,samsung
17509,apple
17510,samsung
17511,apple
17512,samsung
17513,samsung
17514,facebook
17515,facebook
17516,samsung
17517,google
17518,whatsapp
17519,whatsapp
17520,samsung
17521,facebook
17522,samsung
17523,google
17524,whatsapp
17525,facebook
17526,whatsapp
17527,google
17528,google
17529,facebook
17530,samsung
17531,samsung
17532,messenger
17533,facebook
17534,samsung
17535,messenger
17536,google
17537,samsung
17538,facebook
17539,whatsapp
17540,messenger
17541,whatsapp
17542,whatsapp
17543,google
17544,whatsapp
17545,samsung
17546,apple
17547,whatsapp
17548,whatsapp
17549,google
17550,apple
17551,apple
17552,mozilla
17553,mozilla
17554,whatsapp
17555,apple
17556,facebook
17557,facebook
17558,samsung
17559,mozilla
17560,samsung
17561,google
17562,facebook
17563,google
17564,facebook
17565,apple
17566,google
17567,google
17568,apple
17569,google
17570,apple
17571,apple
17572,google
17573,whatsapp
17574,whatsapp
17575,google
17576,google
17577,google
17578,facebook
17579,google
17580,facebook
17581,facebook
17582,whatsapp
17583,apple
17584,facebook
17585,samsung
17586,google
17587,facebook
17588,apple
17589,apple
17590,facebook
17591,samsung
17592,messenger
17593,whatsapp
17594,google
17595,apple
17596,apple
17597,samsung
17598,facebook
17599,apple
17600,samsung
17601,apple
17602,whatsapp
17603,google
17604,facebook
17605,google
17606,google
17607,google
17608,facebook
17609,google
17610,whatsapp
17611,google
17612,google
17613,google
17614,mozilla
17615,google
17616,apple
17617,samsung
17618,facebook
17619,samsung
17620,apple
17621,whatsapp
17622,apple
17623,mozilla
17624,whatsapp
17625,facebook
17626,facebook
17627,whatsapp
17628,messenger
17629,mozilla
17630,apple
17631,facebook
17632,whatsapp
17633,google
17634,samsung
17635,google
17636,mozilla
17637,facebook
17638,apple
17639,facebook
17640,google
17641,whatsapp
17642,messenger
17643,whatsapp
17644,facebook
17645,google
17646,samsung
17647,facebook
17648,samsung
17649,apple
17650,google
17651,apple
17652,apple
17653,google
17654,samsung
17655,apple
17656,apple
17657,whatsapp
17658,google
17659,apple
17660,whatsapp
17661,google
17662,whatsapp
17663,facebook
17664,samsung
17665,google
17666,samsung
17667,mozilla
17668,facebook
17669,google
17670,apple
17671,samsung
17672,facebook
17673,apple
17674,messenger
17675,samsung
17676,samsung
17677,google
17678,apple
17679,apple
17680,samsung
17681,google
17682,google
17683,facebook
17684,google
17685,whatsapp
17686,samsung
17687,samsung
17688,apple
17689,facebook
17690,google
17691,facebook
17692,whatsapp
17693,google
17694,whatsapp
17695,samsung
17696,google
17697,mozilla
17698,google
17699,google
17700,samsung
17701,apple
17702,apple
17703,samsung
17704,messenger
17705,google
17706,whatsapp
17707,google
17708,facebook
17709,google
17710,samsung
17711,apple
17712,samsung
17713,whatsapp
17714,samsung
17715,google
17716,google
17717,whatsapp
17718,apple
17719,google
17720,whatsapp
17721,google
17722,facebook
17723,google
17724,apple
17725,samsung
17726,mozilla
17727,messenger
17728,google
17729,google
17730,samsung
17731,google
17732,messenger
17733,samsung
17734,google
17735,messenger
17736,samsung
17737,facebook
17738,google
17739,whatsapp
17740,facebook
17741,apple
17742,mozilla
17743,facebook
17744,facebook
17745,facebook
17746,whatsapp
17747,samsung
17748,google
17749,google
17750,mozilla
17751,whatsapp
17752,apple
17753,messenger
17754,google
17755,mozilla
17756,google
17757,samsung
17758,whatsapp
17759,whatsapp
17760,facebook
17761,messenger
17762,samsung
17763,whatsapp
17764,google
17765,whatsapp
17766,facebook
17767,samsung
17768,whatsapp
17769,samsung
17770,apple
17771,facebook
17772,messenger
17773,google
17774,google
17775,google
17776,apple
17777,apple
17778,whatsapp
17779,facebook
17780,samsung
17781,messenger
17782,samsung
17783,whatsapp
17784,google
17785,apple
17786,apple
17787,samsung
17788,google
17789,apple
17790,google
17791,facebook
17792,facebook
17793,google
17794,whatsapp
17795,facebook
17796,messenger
17797,apple
17798,google
17799,apple
17800,apple
17801,facebook
17802,samsung
17803,whatsapp
17804,facebook
17805,apple
17806,google
17807,samsung
17808,apple
17809,samsung
17810,facebook
17811,samsung
17812,facebook
17813,facebook
17814,apple
17815,whatsapp
17816,facebook
17817,google
17818,google
17819,apple
17820,facebook
17821,apple
17822,apple
17823,google
17824,apple
17825,mozilla
17826,mozilla
17827,apple
17828,samsung
17829,whatsapp
17830,whatsapp
17831,whatsapp
17832,apple
17833,apple
17834,facebook
17835,samsung
17836,whatsapp
17837,samsung
17838,whatsapp
17839,samsung
17840,facebook
17841,google
17842,whatsapp
17843,samsung
17844,whatsapp
17845,apple
17846,samsung
17847,samsung
17848,mozilla
17849,samsung
17850,google
17851,samsung
17852,whatsapp
17853,samsung
17854,mozilla
17855,whatsapp
17856,apple
17857,samsung
17858,mozilla
17859,google
17860,facebook
17861,apple
17862,apple
17863,mozilla
17864,samsung
17865,google
17866,google
17867,samsung
17868,google
17869,samsung
17870,whatsapp
17871,facebook
17872,google
17873,mozilla
17874,facebook
17875,facebook
17876,facebook
17877,google
17878,apple
17879,google
17880,google
17881,google
17882,whatsapp
17883,mozilla
17884,apple
17885,whatsapp
17886,google
17887,google
17888,samsung
17889,samsung
17890,google
17891,apple
17892,google
17893,google
17894,google
17895,google
17896,samsung
17897,apple
17898,samsung
17899,google
17900,samsung
17901,apple
17902,apple
17903,mozilla
17904,apple
17905,samsung
17906,google
17907,facebook
17908,facebook
17909,facebook
17910,google
17911,whatsapp
17912,whatsapp
17913,samsung
17914,apple
17915,whatsapp
17916,samsung
17917,facebook
17918,messenger
17919,apple
17920,google
17921,samsung
17922,apple
17923,messenger
17924,google
17925,apple
17926,facebook
17927,whatsapp
17928,mozilla
17929,google
17930,google
17931,apple
17932,google
17933,mozilla
17934,apple
17935,whatsapp
17936,whatsapp
17937,apple
17938,facebook
17939,facebook
17940,mozilla
17941,google
17942,whatsapp
17943,google
17944,google
17945,whatsapp
17946,google
17947,apple
17948,mozilla
17949,messenger
17950,whatsapp
17951,samsung
17952,messenger
17953,samsung
17954,samsung
17955,facebook
17956,whatsapp
17957,samsung
17958,samsung
17959,apple
17960,samsung
17961,facebook
17962,apple
17963,samsung
17964,apple
17965,messenger
17966,mozilla
17967,google
17968,samsung
17969,google
17970,whatsapp
17971,google
17972,apple
17973,messenger
17974,google
17975,whatsapp
17976,mozilla
17977,whatsapp
17978,google
17979,samsung
17980,whatsapp
17981,google
17982,whatsapp
17983,apple
17984,apple
17985,apple
17986,mozilla
17987,messenger
17988,samsung
17989,mozilla
17990,whatsapp
17991,google
17992,mozilla
17993,samsung
17994,apple
17995,apple
17996,whatsapp
17997,whatsapp
17998,messenger
17999,google
18000,samsung
18001,apple
18002,facebook
18003,facebook
18004,whatsapp
18005,apple
18006,apple
18007,whatsapp
18008,whatsapp
18009,google
18010,apple
18011,messenger
18012,samsung
18013,whatsapp
18014,apple
18015,facebook
18016,apple
18017,apple
18018,facebook
18019,apple
18020,samsung
18021,apple
18022,whatsapp
18023,mozilla
18024,apple
18025,google
18026,whatsapp
18027,messenger
18028,apple
18029,mozilla
18030,whatsapp
18031,apple
18032,google
18033,whatsapp
18034,samsung
18035,samsung
18036,facebook
18037,google
18038,messenger
18039,facebook
18040,facebook
18041,facebook
18042,mozilla
18043,messenger
18044,messenger
18045,facebook
18046,samsung
18047,google
18048,facebook
18049,apple
18050,google
18051,whatsapp
18052,apple
18053,apple
18054,whatsapp
18055,google
18056,mozilla
18057,samsung
18058,messenger
18059,whatsapp
18060,mozilla
18061,google
18062,samsung
18063,facebook
18064,apple
18065,whatsapp
18066,samsung
18067,apple
18068,google
18069,facebook
18070,samsung
18071,facebook
18072,whatsapp
18073,mozilla
18074,messenger
18075,google
18076,apple
18077,samsung
18078,google
18079,facebook
18080,apple
18081,apple
18082,google
18083,mozilla
18084,facebook
18085,google
18086,google
18087,apple
18088,whatsapp
18089,facebook
18090,google
18091,samsung
18092,mozilla
18093,facebook
18094,whatsapp
18095,google
18096,messenger
18097,apple
18098,facebook
18099,apple
18100,facebook
18101,google
18102,facebook
18103,samsung
18104,facebook
18105,whatsapp
18106,samsung
18107,google
18108,google
18109,apple
18110,samsung
18111,apple
18112,apple
18113,messenger
18114,samsung
18115,whatsapp
18116,samsung
18117,apple
18118,samsung
18119,facebook
18120,facebook
18121,apple
18122,facebook
18123,google
18124,google
18125,google
18126,google
18127,mozilla
18128,mozilla
18129,samsung
18130,google
18131,samsung
18132,whatsapp
18133,mozilla
18134,google
18135,google
18136,whatsapp
18137,samsung
18138,facebook
18139,apple
18140,whatsapp
18141,mozilla
18142,apple
18143,messenger
18144,apple
18145,google
18146,whatsapp
18147,mozilla
18148,whatsapp
18149,whatsapp
18150,whatsapp
18151,samsung
18152,apple
18153,mozilla
18154,apple
18155,apple
18156,mozilla
18157,facebook
18158,messenger
18159,google
18160,mozilla
18161,facebook
18162,samsung
18163,facebook
18164,samsung
18165,apple
18166,google
18167,samsung
18168,samsung
18169,facebook
18170,apple
18171,google
18172,samsung
18173,samsung
18174,whatsapp
18175,samsung
18176,samsung
18177,apple
18178,google
18179,apple
18180,whatsapp
18181,facebook
18182,whatsapp
18183,mozilla
18184,apple
18185,facebook
18186,apple
18187,google
18188,apple
18189,apple
18190,whatsapp
18191,samsung
18192,whatsapp
18193,samsung
18194,facebook
18195,messenger
18196,apple
18197,whatsapp
18198,apple
18199,apple
18200,whatsapp
18201,apple
18202,google
18203,whatsapp
18204,whatsapp
18205,google
18206,samsung
18207,facebook
18208,apple
18209,google
18210,facebook
18211,messenger
18212,mozilla
18213,samsung
18214,google
18215,whatsapp
18216,apple
18217,messenger
18218,google
18219,facebook
18220,facebook
18221,whatsapp
18222,whatsapp
18223,apple
18224,whatsapp
18225,facebook
18226,whatsapp
18227,facebook
18228,apple
18229,google
18230,whatsapp
18231,messenger
18232,samsung
18233,apple
18234,whatsapp
18235,apple
18236,samsung
18237,samsung
18238,mozilla
18239,facebook
18240,apple
18241,messenger
18242,facebook
18243,messenger
18244,samsung
18245,whatsapp
18246,facebook
18247,facebook
18248,whatsapp
18249,google
18250,apple
18251,samsung
18252,google
18253,whatsapp
18254,facebook
18255,mozilla
18256,apple
18257,apple
18258,samsung
18259,samsung
18260,mozilla
18261,samsung
18262,mozilla
18263,samsung
18264,google
18265,google
18266,whatsapp
18267,google
18268,whatsapp
18269,google
18270,whatsapp
18271,whatsapp
18272,facebook
18273,google
18274,google
18275,whatsapp
18276,facebook
18277,apple
18278,messenger
18279,whatsapp
18280,google
18281,mozilla
18282,facebook
18283,messenger
18284,facebook
18285,whatsapp
18286,whatsapp
18287,apple
18288,whatsapp
18289,google
18290,messenger
18291,whatsapp
18292,samsung
18293,samsung
18294,google
18295,facebook
18296,apple
18297,google
18298,samsung
18299,samsung
18300,google
18301,facebook
18302,facebook
18303,google
18304,samsung
18305,whatsapp
18306,messenger
18307,google
18308,google
18309,facebook
18310,apple
18311,whatsapp
18312,messenger
18313,whatsapp
18314,whatsapp
18315,whatsapp
18316,google
18317,whatsapp
18318,apple
18319,google
18320,apple
18321,messenger
18322,apple
18323,whatsapp
18324,apple
18325,apple
18326,mozilla
18327,google
18328,google
18329,google
18330,apple
18331,whatsapp
18332,samsung
18333,whatsapp
18334,facebook
18335,whatsapp
18336,apple
18337,facebook
18338,google
18339,messenger
18340,apple
18341,google
18342,apple
18343,facebook
18344,samsung
18345,apple
18346,apple
18347,facebook
18348,mozilla
18349,apple
18350,apple
18351,whatsapp
18352,whatsapp
18353,messenger
18354,whatsapp
18355,samsung
18356,samsung
18357,apple
18358,messenger
18359,samsung
18360,mozilla
18361,google
18362,whatsapp
18363,apple
18364,samsung
18365,google
18366,google
18367,apple
18368,apple
18369,facebook
18370,google
18371,samsung
18372,google
18373,facebook
18374,facebook
18375,whatsapp
18376,whatsapp
18377,google
18378,apple
18379,whatsapp
18380,facebook
18381,apple
18382,messenger
18383,messenger
18384,whatsapp
18385,facebook
18386,mozilla
18387,facebook
18388,google
18389,whatsapp
18390,samsung
18391,apple
18392,samsung
18393,samsung
18394,google
18395,facebook
18396,apple
18397,mozilla
18398,mozilla
18399,apple
18400,google
18401,samsung
18402,google
18403,apple
18404,facebook
18405,google
18406,mozilla
18407,whatsapp
18408,google
18409,whatsapp
18410,whatsapp
18411,samsung
18412,apple
18413,samsung
18414,facebook
18415,google
18416,facebook
18417,facebook
18418,facebook
18419,whatsapp
18420,apple
18421,samsung
18422,messenger
18423,whatsapp
18424,facebook
18425,google
18426,apple
18427,apple
18428,samsung
18429,samsung
18430,facebook
18431,mozilla
18432,google
18433,whatsapp
18434,apple
18435,samsung
18436,google
18437,apple
18438,apple
18439,apple
18440,whatsapp
18441,whatsapp
18442,whatsapp
18443,whatsapp
18444,facebook
18445,facebook
18446,google
18447,facebook
18448,whatsapp
18449,apple
18450,facebook
18451,samsung
18452,whatsapp
18453,whatsapp
18454,samsung
18455,facebook
18456,google
18457,messenger
18458,apple
18459,apple
18460,google
18461,samsung
18462,whatsapp
18463,apple
18464,google
18465,google
18466,google
18467,facebook
18468,samsung
18469,samsung
18470,google
18471,apple
18472,whatsapp
18473,google
18474,apple
18475,facebook
18476,samsung
18477,samsung
18478,google
18479,messenger
18480,samsung
18481,apple
18482,google
18483,facebook
18484,google
18485,facebook
18486,google
18487,whatsapp
18488,facebook
18489,google
18490,facebook
18491,apple
18492,samsung
18493,google
18494,whatsapp
18495,samsung
18496,google
18497,google
18498,google
18499,whatsapp
18500,samsung
18501,mozilla
18502,samsung
18503,whatsapp
18504,apple
18505,google
18506,google
18507,google
18508,samsung
18509,google
18510,facebook
18511,messenger
18512,google
18513,whatsapp
18514,whatsapp
18515,google
18516,facebook
18517,google
18518,facebook
18519,samsung
18520,facebook
18521,samsung
18522,samsung
18523,facebook
18524,facebook
18525,samsung
18526,apple
18527,whatsapp
18528,apple
18529,whatsapp
18530,whatsapp
18531,google
18532,whatsapp
18533,whatsapp
18534,google
18535,google
18536,whatsapp
18537,google
18538,samsung
18539,samsung
18540,google
18541,facebook
18542,apple
18543,apple
18544,google
18545,samsung
18546,google
18547,facebook
18548,facebook
18549,google
18550,samsung
18551,google
18552,whatsapp
18553,whatsapp
18554,apple
18555,whatsapp
18556,facebook
18557,samsung
18558,mozilla
18559,google
18560,messenger
18561,samsung
18562,samsung
18563,google
18564,apple
18565,samsung
18566,google
18567,apple
18568,apple
18569,samsung
18570,apple
18571,google
18572,google
18573,messenger
18574,facebook
18575,facebook
18576,messenger
18577,facebook
18578,whatsapp
18579,apple
18580,whatsapp
18581,whatsapp
18582,whatsapp
18583,mozilla
18584,samsung
18585,messenger
18586,apple
18587,apple
18588,apple
18589,apple
18590,samsung
18591,samsung
18592,whatsapp
18593,facebook
18594,samsung
18595,messenger
18596,whatsapp
18597,google
18598,samsung
18599,facebook
18600,whatsapp
18601,apple
18602,facebook
18603,apple
18604,apple
18605,google
18606,whatsapp
18607,google
18608,facebook
18609,messenger
18610,mozilla
18611,google
18612,apple
18613,google
18614,google
18615,samsung
18616,google
18617,google
18618,apple
18619,facebook
18620,google
18621,google
18622,google
18623,facebook
18624,whatsapp
18625,whatsapp
18626,whatsapp
18627,samsung
18628,facebook
18629,apple
18630,whatsapp
18631,apple
18632,samsung
18633,apple
18634,samsung
18635,apple
18636,google
18637,samsung
18638,samsung
18639,whatsapp
18640,facebook
18641,whatsapp
18642,google
18643,samsung
18644,google
18645,whatsapp
18646,apple
18647,apple
18648,apple
18649,samsung
18650,whatsapp
18651,facebook
18652,google
18653,google
18654,whatsapp
18655,messenger
18656,facebook
18657,apple
18658,facebook
18659,apple
18660,samsung
18661,apple
18662,apple
18663,samsung
18664,apple
18665,apple
18666,samsung
18667,messenger
18668,samsung
18669,facebook
18670,apple
18671,whatsapp
18672,messenger
18673,google
18674,google
18675,whatsapp
18676,samsung
18677,whatsapp
18678,mozilla
18679,google
18680,whatsapp
18681,apple
18682,whatsapp
18683,samsung
18684,messenger
18685,facebook
18686,messenger
18687,messenger
18688,samsung
18689,apple
18690,google
18691,facebook
18692,google
18693,apple
18694,apple
18695,facebook
18696,whatsapp
18697,mozilla
18698,whatsapp
18699,facebook
18700,samsung
18701,google
18702,google
18703,google
18704,facebook
18705,google
18706,facebook
18707,google
18708,google
18709,facebook
18710,facebook
18711,samsung
18712,samsung
18713,messenger
18714,apple
18715,samsung
18716,facebook
18717,facebook
18718,whatsapp
18719,whatsapp
18720,samsung
18721,samsung
18722,facebook
18723,mozilla
18724,whatsapp
18725,mozilla
18726,samsung
18727,google
18728,samsung
18729,google
18730,google
18731,facebook
18732,google
18733,samsung
18734,google
18735,samsung
18736,google
18737,messenger
18738,facebook
18739,facebook
18740,messenger
18741,mozilla
18742,apple
18743,whatsapp
18744,mozilla
18745,apple
18746,messenger
18747,samsung
18748,messenger
18749,messenger
18750,google
18751,whatsapp
18752,apple
18753,facebook
18754,google
18755,messenger
18756,google
18757,mozilla
18758,whatsapp
18759,facebook
18760,google
18761,samsung
18762,google
18763,google
18764,facebook
18765,whatsapp
18766,apple
18767,whatsapp
18768,facebook
18769,facebook
18770,facebook
18771,whatsapp
18772,google
18773,whatsapp
18774,google
18775,samsung
18776,whatsapp
18777,samsung
18778,whatsapp
18779,whatsapp
18780,whatsapp
18781,apple
18782,apple
18783,apple
18784,google
18785,facebook
18786,facebook
18787,messenger
18788,apple
18789,samsung
18790,whatsapp
18791,apple
18792,google
18793,samsung
18794,samsung
18795,facebook
18796,google
18797,apple
18798,apple
18799,samsung
18800,whatsapp
18801,samsung
18802,google
18803,samsung
18804,facebook
18805,messenger
18806,whatsapp
18807,google
18808,samsung
18809,google
18810,apple
18811,facebook
18812,google
18813,google
18814,samsung
18815,apple
18816,mozilla
18817,apple
18818,samsung
18819,whatsapp
18820,samsung
18821,google
18822,facebook
18823,facebook
18824,whatsapp
18825,google
18826,facebook
18827,whatsapp
18828,samsung
18829,apple
18830,google
18831,facebook
18832,google
18833,apple
18834,whatsapp
18835,google
18836,samsung
18837,messenger
18838,samsung
18839,google
18840,samsung
18841,samsung
18842,messenger
18843,facebook
18844,google
18845,google
18846,samsung
18847,google
18848,google
18849,samsung
18850,whatsapp
18851,samsung
18852,messenger
18853,google
18854,facebook
18855,whatsapp
18856,mozilla
18857,samsung
18858,google
18859,whatsapp
18860,facebook
18861,samsung
18862,facebook
18863,messenger
18864,whatsapp
18865,google
18866,facebook
18867,facebook
18868,mozilla
18869,samsung
18870,samsung
18871,mozilla
18872,mozilla
18873,apple
18874,google
18875,whatsapp
18876,whatsapp
18877,whatsapp
18878,google
18879,mozilla
18880,google
18881,facebook
18882,mozilla
18883,messenger
18884,samsung
18885,samsung
18886,apple
18887,google
18888,samsung
18889,samsung
18890,facebook
18891,messenger
18892,google
18893,facebook
18894,apple
18895,samsung
18896,apple
18897,google
18898,whatsapp
18899,samsung
18900,apple
18901,whatsapp
18902,google
18903,samsung
18904,facebook
18905,apple
18906,samsung
18907,apple
18908,whatsapp
18909,samsung
18910,apple
18911,apple
18912,samsung
18913,facebook
18914,facebook
18915,google
18916,google
18917,google
18918,whatsapp
18919,google
18920,whatsapp
18921,google
18922,google
18923,apple
18924,whatsapp
18925,google
18926,samsung
18927,samsung
18928,whatsapp
18929,facebook
18930,google
18931,google
18932,facebook
18933,samsung
18934,google
18935,facebook
18936,whatsapp
18937,facebook
18938,messenger
18939,facebook
18940,whatsapp
18941,samsung
18942,google
18943,google
18944,facebook
18945,whatsapp
18946,whatsapp
18947,facebook
18948,samsung
18949,whatsapp
18950,google
18951,samsung
18952,apple
18953,samsung
18954,mozilla
18955,mozilla
18956,samsung
18957,facebook
18958,apple
18959,google
18960,whatsapp
18961,samsung
18962,whatsapp
18963,google
18964,apple
18965,whatsapp
18966,whatsapp
18967,apple
18968,facebook
18969,samsung
18970,samsung
18971,apple
18972,apple
18973,google
18974,messenger
18975,apple
18976,google
18977,apple
18978,apple
18979,google
18980,facebook
18981,messenger
18982,facebook
18983,facebook
18984,apple
18985,samsung
18986,facebook
18987,google
18988,apple
18989,google
18990,google
18991,facebook
18992,google
18993,google
18994,samsung
18995,facebook
18996,facebook
18997,samsung
18998,google
18999,facebook
19000,facebook
19001,messenger
19002,facebook
19003,facebook
19004,samsung
19005,mozilla
19006,apple
19007,messenger
19008,mozilla
19009,whatsapp
19010,samsung
19011,google
19012,whatsapp
19013,apple
19014,google
19015,google
19016,google
19017,samsung
19018,apple
19019,facebook
19020,facebook
19021,apple
19022,google
19023,facebook
19024,whatsapp
19025,whatsapp
19026,whatsapp
19027,mozilla
19028,google
19029,apple
19030,samsung
19031,samsung
19032,apple
19033,google
19034,samsung
19035,google
19036,samsung
19037,samsung
19038,samsung
19039,mozilla
19040,samsung
19041,apple
19042,messenger
19043,facebook
19044,google
19045,google
19046,whatsapp
19047,samsung
19048,google
19049,mozilla
19050,facebook
19051,facebook
19052,samsung
19053,apple
19054,whatsapp
19055,google
19056,messenger
19057,samsung
19058,google
19059,facebook
19060,google
19061,google
19062,google
19063,facebook
19064,apple
19065,google
19066,samsung
19067,mozilla
19068,samsung
19069,apple
19070,google
19071,whatsapp
19072,messenger
19073,apple
19074,messenger
19075,mozilla
19076,messenger
19077,whatsapp
19078,samsung
19079,whatsapp
19080,google
19081,apple
19082,apple
19083,samsung
19084,apple
19085,samsung
19086,samsung
19087,samsung
19088,samsung
19089,apple
19090,apple
19091,facebook
19092,whatsapp
19093,mozilla
19094,facebook
19095,google
19096,google
19097,messenger
19098,apple
19099,mozilla
19100,whatsapp
19101,mozilla
19102,apple
19103,samsung
19104,facebook
19105,samsung
19106,samsung
19107,google
19108,whatsapp
19109,messenger
19110,facebook
19111,messenger
19112,apple
19113,samsung
19114,samsung
19115,samsung
19116,whatsapp
19117,samsung
19118,google
19119,whatsapp
19120,facebook
19121,whatsapp
19122,facebook
19123,apple
19124,facebook
19125,messenger
19126,apple
19127,google
19128,whatsapp
19129,whatsapp
19130,google
19131,facebook
19132,mozilla
19133,google
19134,samsung
19135,samsung
19136,facebook
19137,facebook
19138,facebook
19139,facebook
19140,apple
19141,google
19142,whatsapp
19143,samsung
19144,whatsapp
19145,whatsapp
19146,google
19147,google
19148,messenger
19149,messenger
19150,google
19151,apple
19152,apple
19153,samsung
19154,samsung
19155,google
19156,apple
19157,samsung
19158,samsung
19159,apple
19160,whatsapp
19161,samsung
19162,samsung
19163,samsung
19164,apple
19165,google
19166,samsung
19167,whatsapp
19168,messenger
19169,google
19170,facebook
19171,samsung
19172,apple
19173,whatsapp
19174,samsung
19175,facebook
19176,whatsapp
19177,google
19178,whatsapp
19179,facebook
19180,samsung
19181,facebook
19182,facebook
19183,facebook
19184,apple
19185,whatsapp
19186,facebook
19187,whatsapp
19188,apple
19189,apple
19190,google
19191,facebook
19192,whatsapp
19193,messenger
19194,google
19195,samsung
19196,google
19197,messenger
19198,samsung
19199,whatsapp
19200,google
19201,whatsapp
19202,samsung
19203,apple
19204,whatsapp
19205,facebook
19206,mozilla
19207,whatsapp
19208,google
19209,apple
19210,apple
19211,apple
19212,samsung
19213,mozilla
19214,samsung
19215,apple
19216,apple
19217,mozilla
19218,apple
19219,facebook
19220,mozilla
19221,messenger
19222,whatsapp
19223,whatsapp
19224,google
19225,mozilla
19226,samsung
19227,google
19228,mozilla
19229,apple
19230,samsung
19231,whatsapp
19232,google
19233,samsung
19234,apple
19235,whatsapp
19236,facebook
19237,whatsapp
19238,apple
19239,apple
19240,whatsapp
19241,whatsapp
19242,whatsapp
19243,mozilla
19244,samsung
19245,google
19246,google
19247,samsung
19248,facebook
19249,messenger
19250,google
19251,facebook
19252,facebook
19253,facebook
19254,google
19255,apple
19256,google
19257,apple
19258,samsung
19259,samsung
19260,facebook
19261,messenger
19262,mozilla
19263,samsung
19264,samsung
19265,apple
19266,apple
19267,whatsapp
19268,samsung
19269,apple
19270,facebook
19271,apple
19272,google
19273,whatsapp
19274,apple
19275,samsung
19276,facebook
19277,google
19278,google
19279,messenger
19280,whatsapp
19281,samsung
19282,whatsapp
19283,whatsapp
19284,facebook
19285,whatsapp
19286,samsung
19287,apple
19288,google
19289,whatsapp
19290,apple
19291,facebook
19292,facebook
19293,apple
19294,samsung
19295,apple
19296,samsung
19297,facebook
19298,samsung
19299,facebook
19300,google
19301,google
19302,facebook
19303,apple
19304,messenger
19305,whatsapp
19306,google
19307,google
19308,facebook
19309,whatsapp
19310,apple
19311,whatsapp
19312,google
19313,samsung
19314,messenger
19315,facebook
19316,apple
19317,apple
19318,google
19319,mozilla
19320,facebook
19321,samsung
19322,google
19323,whatsapp
19324,facebook
19325,apple
19326,facebook
19327,samsung
19328,apple
19329,google
19330,facebook
19331,samsung
19332,whatsapp
19333,mozilla
19334,facebook
19335,whatsapp
19336,mozilla
19337,mozilla
19338,samsung
19339,apple
19340,apple
19341,apple
19342,apple
19343,whatsapp
19344,samsung
19345,google
19346,google
19347,google
19348,facebook
19349,whatsapp
19350,apple
19351,whatsapp
19352,whatsapp
19353,google
19354,whatsapp
19355,samsung
19356,google
19357,facebook
19358,messenger
19359,google
19360,apple
19361,messenger
19362,apple
19363,apple
19364,google
19365,apple
19366,facebook
19367,apple
19368,facebook
19369,messenger
19370,facebook
19371,facebook
19372,apple
19373,google
19374,apple
19375,mozilla
19376,whatsapp
19377,whatsapp
19378,whatsapp
19379,google
19380,samsung
19381,samsung
19382,messenger
19383,facebook
19384,facebook
19385,apple
19386,samsung
19387,facebook
19388,whatsapp
19389,apple
19390,samsung
19391,google
19392,messenger
19393,mozilla
19394,apple
19395,google
19396,apple
19397,whatsapp
19398,messenger
19399,google
19400,google
19401,messenger
19402,google
19403,apple
19404,samsung
19405,facebook
19406,mozilla
19407,mozilla
19408,whatsapp
19409,samsung
19410,google
19411,whatsapp
19412,apple
19413,whatsapp
19414,facebook
19415,google
19416,google
19417,google
19418,apple
19419,apple
19420,whatsapp
19421,apple
19422,apple
19423,google
19424,mozilla
19425,samsung
19426,google
19427,google
19428,whatsapp
19429,apple
19430,facebook
19431,messenger
19432,samsung
19433,google
19434,google
19435,facebook
19436,samsung
19437,messenger
19438,apple
19439,facebook
19440,apple
19441,samsung
19442,apple
19443,facebook
19444,apple
19445,apple
19446,samsung
19447,facebook
19448,samsung
19449,samsung
19450,google
19451,facebook
19452,apple
19453,apple
19454,messenger
19455,apple
19456,facebook
19457,apple
19458,facebook
19459,samsung
19460,messenger
19461,samsung
19462,facebook
19463,mozilla
19464,facebook
19465,apple
19466,google
19467,mozilla
19468,apple
19469,apple
19470,apple
19471,mozilla
19472,whatsapp
19473,whatsapp
19474,google
19475,messenger
19476,whatsapp
19477,samsung
19478,apple
19479,whatsapp
19480,messenger
19481,samsung
19482,facebook
19483,facebook
19484,apple
19485,samsung
19486,facebook
19487,google
19488,google
19489,samsung
19490,google
19491,mozilla
19492,facebook
19493,whatsapp
19494,mozilla
19495,samsung
19496,whatsapp
19497,google
19498,samsung
19499,google
19500,samsung
19501,facebook
19502,mozilla
19503,apple
19504,whatsapp
19505,facebook
19506,google
19507,google
19508,apple
19509,google
19510,facebook
19511,google
19512,samsung
19513,google
19514,apple
19515,apple
19516,whatsapp
19517,apple
19518,samsung
19519,apple
19520,apple
19521,samsung
19522,apple
19523,facebook
19524,google
19525,apple
19526,google
19527,facebook
19528,whatsapp
19529,facebook
19530,samsung
19531,facebook
19532,mozilla
19533,whatsapp
19534,samsung
19535,samsung
19536,apple
19537,apple
19538,apple
19539,samsung
19540,samsung
19541,samsung
19542,apple
19543,whatsapp
19544,whatsapp
19545,google
19546,whatsapp
19547,whatsapp
19548,samsung
19549,google
19550,apple
19551,whatsapp
19552,google
19553,whatsapp
19554,samsung
19555,samsung
19556,google
19557,facebook
19558,whatsapp
19559,facebook
19560,whatsapp
19561,google
19562,apple
19563,apple
19564,facebook
19565,samsung
19566,apple
19567,apple
19568,samsung
19569,whatsapp
19570,samsung
19571,facebook
19572,google
19573,google
19574,apple
19575,google
19576,mozilla
19577,google
19578,apple
19579,whatsapp
19580,google
19581,google
19582,samsung
19583,apple
19584,google
19585,mozilla
19586,google
19587,facebook
19588,whatsapp
19589,apple
19590,apple
19591,whatsapp
19592,samsung
19593,facebook
19594,samsung
19595,samsung
19596,apple
19597,facebook
19598,facebook
19599,apple
19600,mozilla
19601,google
19602,whatsapp
19603,samsung
19604,samsung
19605,google
19606,messenger
19607,whatsapp
19608,google
19609,samsung
19610,google
19611,samsung
19612,google
19613,google
19614,whatsapp
19615,samsung
19616,apple
19617,google
19618,mozilla
19619,google
19620,apple
19621,mozilla
19622,apple
19623,google
19624,whatsapp
19625,google
19626,whatsapp
19627,google
19628,apple
19629,mozilla
19630,mozilla
19631,whatsapp
19632,facebook
19633,google
19634,samsung
19635,mozilla
19636,samsung
19637,google
19638,mozilla
19639,whatsapp
19640,facebook
19641,messenger
19642,samsung
19643,google
19644,messenger
19645,google
19646,samsung
19647,messenger
19648,samsung
19649,messenger
19650,apple
19651,facebook
19652,messenger
19653,messenger
19654,samsung
19655,apple
19656,messenger
19657,samsung
19658,google
19659,samsung
19660,messenger
19661,whatsapp
19662,whatsapp
19663,google
19664,apple
19665,samsung
19666,samsung
19667,samsung
19668,facebook
19669,whatsapp
19670,facebook
19671,google
19672,whatsapp
19673,messenger
19674,apple
19675,google
19676,apple
19677,google
19678,apple
19679,google
19680,samsung
19681,apple
19682,mozilla
19683,whatsapp
19684,whatsapp
19685,apple
19686,samsung
19687,apple
19688,samsung
19689,google
19690,google
19691,facebook
19692,google
19693,whatsapp
19694,google
19695,apple
19696,messenger
19697,whatsapp
19698,google
19699,mozilla
19700,whatsapp
19701,apple
19702,samsung
19703,messenger
19704,facebook
19705,whatsapp
19706,whatsapp
19707,whatsapp
19708,google
19709,whatsapp
19710,facebook
19711,apple
19712,samsung
19713,google
19714,samsung
19715,samsung
19716,messenger
19717,apple
19718,samsung
19719,facebook
19720,apple
19721,samsung
19722,mozilla
19723,whatsapp
19724,facebook
19725,facebook
19726,whatsapp
19727,messenger
19728,whatsapp
19729,facebook
19730,mozilla
19731,whatsapp
19732,apple
19733,facebook
19734,whatsapp
19735,whatsapp
19736,mozilla
19737,whatsapp
19738,apple
19739,apple
19740,google
19741,mozilla
19742,facebook
19743,apple
19744,samsung
19745,facebook
19746,apple
19747,messenger
19748,samsung
19749,messenger
19750,whatsapp
19751,apple
19752,samsung
19753,google
19754,google
19755,apple
19756,samsung
19757,facebook
19758,apple
19759,mozilla
19760,whatsapp
19761,apple
19762,samsung
19763,apple
19764,apple
19765,facebook
19766,whatsapp
19767,apple
19768,apple
19769,apple
19770,samsung
19771,samsung
19772,google
19773,google
19774,google
19775,apple
19776,whatsapp
19777,samsung
19778,facebook
19779,apple
19780,apple
19781,samsung
19782,mozilla
19783,samsung
19784,whatsapp
19785,facebook
19786,whatsapp
19787,samsung
19788,whatsapp
19789,google
19790,samsung
19791,google
19792,apple
19793,samsung
19794,whatsapp
19795,samsung
19796,google
19797,facebook
19798,apple
19799,messenger
19800,apple
19801,whatsapp
19802,whatsapp
19803,apple
19804,messenger
19805,whatsapp
19806,mozilla
19807,samsung
19808,apple
19809,mozilla
19810,whatsapp
19811,messenger
19812,messenger
19813,facebook
19814,google
19815,samsung
19816,apple
19817,facebook
19818,apple
19819,whatsapp
19820,mozilla
19821,samsung
19822,whatsapp
19823,samsung
19824,whatsapp
19825,whatsapp
19826,samsung
19827,whatsapp
19828,samsung
19829,apple
19830,google
19831,whatsapp
19832,whatsapp
19833,facebook
19834,samsung
19835,whatsapp
19836,messenger
19837,whatsapp
19838,apple
19839,samsung
19840,google
19841,samsung
19842,facebook
19843,samsung
19844,google
19845,apple
19846,whatsapp
19847,facebook
19848,google
19849,apple
19850,apple
19851,samsung
19852,google
19853,apple
19854,apple
19855,mozilla
19856,whatsapp
19857,apple
19858,samsung
19859,apple
19860,facebook
19861,google
19862,mozilla
19863,whatsapp
19864,messenger
19865,facebook
19866,facebook
19867,apple
19868,messenger
19869,messenger
19870,whatsapp
19871,whatsapp
19872,mozilla
19873,apple
19874,apple
19875,google
19876,samsung
19877,apple
19878,google
19879,apple
